{"type": "FeatureCollection", "features": [{"type": "Feature", "properties": {"name": "John Muir Way - Walking"}, "geometry": {"type": "MultiLineString", "coordinates": [[[-4.5810476, 56.0036966], [-4.5811249, 56.0037154], [-4.5812232, 56.0038197], [-4.5814561, 56.0040921], [-4.581661, 56.0042873], [-4.5819845, 56.004503], [-4.5822635, 56.0047595], [-4.5825987, 56.0050894], [-4.5826846, 56.0051824], [-4.5825515, 56.0052606], [-4.5825239, 56.0053091]], [[-3.8617146, 55.9970467], [-3.8611385, 55.9970316], [-3.8607017, 55.997027], [-3.8583504, 55.9970411]], [[-3.8583504, 55.9970411], [-3.858286, 55.997039]], [[-3.858286, 55.997039], [-3.8581732, 55.9970401], [-3.8578586, 55.9970431], [-3.8576097, 55.9970444], [-3.8574957, 55.9970479], [-3.8574212, 55.997052], [-3.8573651, 55.9970641], [-3.8573436, 55.9971103], [-3.8573544, 55.9971534], [-3.8575075, 55.9972559], [-3.8575608, 55.9973282], [-3.8575408, 55.9973751], [-3.8574992, 55.9974151]], [[-3.8574195, 55.9975042], [-3.8574992, 55.9974151]], [[-3.856143, 55.9978075], [-3.8565035, 55.997745], [-3.8567114, 55.9977199], [-3.8569135, 55.9976982], [-3.8571545, 55.9976395], [-3.8572944, 55.9975852], [-3.8573747, 55.9975332], [-3.8574195, 55.9975042]], [[-3.8562677, 55.9982649], [-3.8562498, 55.9980601], [-3.856143, 55.9978075]], [[-4.0495144, 55.9619917], [-4.0495711, 55.9619892]], [[-3.2111243, 55.9413732], [-3.2111393, 55.9413841]], [[-4.2556551, 55.9807328], [-4.2555087, 55.9807123]], [[-4.1012742, 55.950575], [-4.1011226, 55.9506318]], [[-4.2657018, 55.9809769], [-4.2654884, 55.9810027]], [[-4.0242684, 55.9727705], [-4.0242105, 55.972779], [-4.0241628, 55.9727851]], [[-3.2638686, 55.9480056], [-3.2638522, 55.9480187]], [[-4.4077996, 56.0518582], [-4.4080883, 56.0518423]], [[-4.4075557, 56.0518491], [-4.4077996, 56.0518582]], [[-4.4057913, 56.0517401], [-4.4055819, 56.0517075], [-4.4055169, 56.0516937], [-4.4048074, 56.0517539], [-4.4042712, 56.051822], [-4.4042229, 56.0518182]], [[-3.9680085, 55.9860512], [-3.967895, 55.9860947]], [[-3.63396, 56.0058522], [-3.6339818, 56.0057977]], [[-3.552818, 56.0103917], [-3.5527833, 56.0103835]], [[-3.5171045, 56.0012586], [-3.5171086, 56.001284]], [[-3.5170757, 56.0012414], [-3.5171045, 56.0012586]], [[-2.9531467, 55.972339], [-2.9534075, 55.9723059], [-2.9537019, 55.9723153]], [[-2.9539343, 55.972231], [-2.9537019, 55.9723153]], [[-3.1008887, 55.9414287], [-3.1009617, 55.9414171]], [[-3.218434, 55.9387187], [-3.2185703, 55.9386663], [-3.2194919, 55.9383248], [-3.2204005, 55.9379632], [-3.2206649, 55.9378613], [-3.2209201, 55.9377485], [-3.221179, 55.9376295], [-3.22142, 55.9374959], [-3.221573, 55.9374007], [-3.221702, 55.9373003], [-3.2221217, 55.9369536], [-3.2227551, 55.9363919]], [[-3.2323668, 55.9272221], [-3.2322304, 55.9272673]], [[-3.2474146, 55.9358204], [-3.2472882, 55.935719]], [[-3.2647982, 55.9482419], [-3.2659644, 55.9485832], [-3.2662426, 55.9486646], [-3.2664711, 55.9487224], [-3.2665982, 55.9487254], [-3.2669019, 55.9487972], [-3.2671786, 55.9488527], [-3.2673513, 55.9488515]], [[-3.2678724, 55.9489664], [-3.2680331, 55.9489327], [-3.2681961, 55.9489586], [-3.2683216, 55.9489932], [-3.2684284, 55.9490295], [-3.2685033, 55.9490376], [-3.2685738, 55.9490302], [-3.2687984, 55.948987], [-3.2689084, 55.9489665]], [[-3.2673513, 55.9488515], [-3.2674277, 55.9488851], [-3.2675696, 55.9489216], [-3.2678724, 55.9489664]], [[-3.2689084, 55.9489665], [-3.2690288, 55.94899], [-3.2692452, 55.9489914], [-3.2693673, 55.9489826], [-3.2696378, 55.9490153], [-3.2699877, 55.9489947]], [[-3.2699877, 55.9489947], [-3.2702684, 55.9490357]], [[-3.4766909, 55.9978314], [-3.4767912, 55.997675]], [[-3.5851978, 56.0179396], [-3.5852285, 56.0179599]], [[-3.7926823, 55.9920554], [-3.7927561, 55.9920671]], [[-3.7999539, 55.9929778], [-3.8002825, 55.9930086], [-3.8007241, 55.9930256], [-3.8007534, 55.9930104]], [[-3.7999539, 55.9929778], [-3.7999796, 55.9929098]], [[-3.811853, 55.9906775], [-3.8118443, 55.9907199]], [[-3.8153291, 55.991449], [-3.8153861, 55.9913534]], [[-3.8153291, 55.991449], [-3.8152067, 55.99143], [-3.8149771, 55.9914039]], [[-3.8149771, 55.9914039], [-3.8149853, 55.9913835]], [[-3.8149853, 55.9913835], [-3.8150121, 55.991317]], [[-3.8414219, 55.9995461], [-3.8412604, 55.9996054], [-3.8410915, 55.9997156], [-3.8409632, 55.9998357], [-3.8408064, 56.0000653]], [[-3.841058, 55.9982551], [-3.8409019, 55.9984624], [-3.8408588, 55.9985943], [-3.8407861, 55.9988136], [-3.8406835, 55.9990024], [-3.8405536, 55.9991347], [-3.8404752, 55.9992117], [-3.840251, 55.9994927], [-3.8402283, 55.9995495], [-3.8403025, 55.9997469], [-3.8406156, 55.999974], [-3.8408064, 56.0000653]], [[-3.841058, 55.9982551], [-3.8409956, 55.9982241], [-3.8409514, 55.9981922], [-3.8409102, 55.9981305], [-3.8409072, 55.9980842], [-3.8409291, 55.998056], [-3.841015, 55.9980141], [-3.8410536, 55.9979995], [-3.8410492, 55.9979772], [-3.8410059, 55.9979598], [-3.8409415, 55.99793], [-3.8409566, 55.9978939], [-3.8409619, 55.9978766], [-3.840989, 55.9978564]], [[-3.8408633, 55.9977247], [-3.840989, 55.9978564]], [[-3.8408633, 55.9977247], [-3.8404448, 55.9977515], [-3.8392244, 55.997846], [-3.837548, 55.9979465], [-3.8359414, 55.9980725], [-3.8349141, 55.9981627], [-3.8344447, 55.99817], [-3.834246, 55.9981874]], [[-3.834246, 55.9981874], [-3.8341965, 55.9981208], [-3.8341443, 55.9980594], [-3.8341041, 55.9979943], [-3.8340176, 55.9979111]], [[-4.0476942, 55.9623267], [-4.0477327, 55.9621737], [-4.047738, 55.962092]], [[-4.0476942, 55.9623267], [-4.0478615, 55.9623425], [-4.048051, 55.9623356], [-4.0482524, 55.9623248], [-4.0483775, 55.9623169], [-4.0484776, 55.9623169], [-4.0485372, 55.9623238], [-4.0485899, 55.9623346], [-4.0486197, 55.9623562], [-4.0486619, 55.9623808], [-4.0486987, 55.9623945], [-4.0487479, 55.9624004], [-4.0489901, 55.9624142], [-4.049285, 55.9624279], [-4.0494903, 55.9624466], [-4.0495758, 55.9624574]], [[-4.0495144, 55.9619917], [-4.0495513, 55.9621813], [-4.0495864, 55.9623818], [-4.0495758, 55.9624574]], [[-4.1534668, 55.9415628], [-4.1534431, 55.9419736]], [[-4.7292386, 56.0120038], [-4.7312893, 56.0123748]], [[-4.7359357, 56.0032308], [-4.7359998, 56.0032412], [-4.7362012, 56.0032762]], [[-2.5197433, 56.0042107], [-2.519553, 56.0041168]], [[-2.5222874, 56.0049326], [-2.522238, 56.0049359], [-2.5220283, 56.0049803], [-2.52191, 56.005086], [-2.5219032, 56.0049584], [-2.5218483, 56.0048408], [-2.5217037, 56.0048], [-2.5216876, 56.0047321], [-2.5215376, 56.0046781], [-2.5213703, 56.0046581], [-2.5212141, 56.0046947], [-2.5211271, 56.0046897], [-2.5206572, 56.0045429], [-2.5202133, 56.0044365], [-2.5199552, 56.0043089], [-2.5197781, 56.0042268], [-2.5197433, 56.0042107]], [[-2.5223242, 56.0049298], [-2.5222874, 56.0049326]], [[-2.5430764, 56.004728], [-2.5427582, 56.0047818], [-2.5426885, 56.0047939], [-2.5425235, 56.0048743], [-2.5421436, 56.0050553], [-2.5419809, 56.0050345], [-2.5418648, 56.004994], [-2.5416102, 56.0048622], [-2.5413815, 56.0048335], [-2.5410344, 56.0048241], [-2.5407662, 56.0048069], [-2.5406031, 56.0047796], [-2.5403523, 56.0047301], [-2.5398964, 56.0046363], [-2.5395071, 56.0045551], [-2.5392818, 56.0044956], [-2.5390863, 56.0044571], [-2.538679, 56.004381], [-2.5385194, 56.0043844], [-2.5377221, 56.0044015], [-2.5371154, 56.0044026], [-2.5363668, 56.0044087], [-2.5360994, 56.0044366], [-2.535903, 56.0044204], [-2.5356303, 56.0044478], [-2.5353418, 56.0044831], [-2.5349659, 56.0045694], [-2.5348788, 56.0046065], [-2.5347902, 56.0046149], [-2.534701, 56.0045717], [-2.5346319, 56.0046688], [-2.5346263, 56.0047424], [-2.5346177, 56.0047868], [-2.5345635, 56.0048289], [-2.5344845, 56.0048631], [-2.5344378, 56.0049381], [-2.5344505, 56.0050128], [-2.5344791, 56.0050586], [-2.5345087, 56.0051432], [-2.534336, 56.0051697], [-2.5341568, 56.0052063], [-2.5338442, 56.0052452], [-2.5336357, 56.0053086], [-2.5335809, 56.0053423], [-2.533501, 56.0054084], [-2.5333758, 56.0055122], [-2.5332789, 56.0055661], [-2.5331901, 56.005617], [-2.53298, 56.0056858], [-2.5328447, 56.0057426], [-2.5327861, 56.0058182], [-2.5327237, 56.0058975], [-2.5326831, 56.0059791], [-2.5325155, 56.0061852], [-2.5324755, 56.0062239], [-2.5321973, 56.0062062], [-2.5321266, 56.0062255], [-2.5320803, 56.0062688], [-2.5320369, 56.0063536], [-2.5319575, 56.0063684], [-2.5319146, 56.0063926], [-2.5317661, 56.0065402], [-2.5315631, 56.0066262], [-2.5314804, 56.006637], [-2.5314187, 56.0066187], [-2.5313624, 56.0065911], [-2.5312845, 56.0065583], [-2.5307806, 56.0064291], [-2.5305301, 56.0063457], [-2.5304791, 56.0063187], [-2.5304285, 56.006294], [-2.530423, 56.0062494], [-2.5304883, 56.0060827], [-2.5304656, 56.0060277], [-2.5304234, 56.0060036], [-2.5303564, 56.0059722], [-2.5301612, 56.0059125], [-2.5300572, 56.0058892], [-2.5299253, 56.0058586], [-2.5296888, 56.0058155], [-2.5295707, 56.0058059], [-2.5294631, 56.0058129], [-2.5293585, 56.0058288], [-2.5292736, 56.0058573], [-2.5292061, 56.0058881], [-2.5291357, 56.0059201], [-2.5290587, 56.0059236], [-2.5289639, 56.0059035], [-2.5288854, 56.0058869], [-2.5288181, 56.0058636], [-2.5287762, 56.0058411], [-2.5286666, 56.0057821], [-2.5285456, 56.0057331], [-2.528408, 56.0057275], [-2.5282887, 56.0057401], [-2.5282011, 56.0058027], [-2.5281406, 56.0058356], [-2.5280181, 56.0058191], [-2.5278925, 56.0058132], [-2.5276724, 56.0058029], [-2.5274289, 56.0057998], [-2.5273554, 56.0058319], [-2.5272743, 56.0058885], [-2.5272504, 56.0059447], [-2.5272181, 56.0060264], [-2.5271864, 56.0060714], [-2.5270927, 56.00613], [-2.5269989, 56.0061593], [-2.5268967, 56.0061589], [-2.5267232, 56.0061566], [-2.5265936, 56.0061549], [-2.5265188, 56.0061456], [-2.526397, 56.006106], [-2.5263114, 56.0060921], [-2.5261961, 56.0060852], [-2.5261245, 56.0060673], [-2.5259807, 56.0059912], [-2.5258588, 56.0059774], [-2.525808, 56.0059687], [-2.5257001, 56.0059502], [-2.52557, 56.0059076], [-2.5254935, 56.005847], [-2.5254864, 56.0057778], [-2.525573, 56.0056858], [-2.5256, 56.0056218], [-2.5255922, 56.0056016], [-2.5255656, 56.0055322], [-2.5254962, 56.0054803], [-2.5253771, 56.005445], [-2.5252761, 56.0054205], [-2.525131, 56.005396], [-2.5247855, 56.0053725], [-2.5247111, 56.0053318], [-2.5245595, 56.0053806], [-2.5239852, 56.0050701], [-2.5238097, 56.0050023], [-2.5236701, 56.0049025], [-2.5234228, 56.0048228], [-2.5231635, 56.0048387], [-2.5229123, 56.0048108], [-2.522657, 56.0048507], [-2.5226355, 56.0048558], [-2.5223242, 56.0049298]], [[-2.5430665, 56.0012259], [-2.5426353, 56.0014403], [-2.5424557, 56.0015371], [-2.5423958, 56.001572], [-2.5420394, 56.001722], [-2.5419188, 56.0017914], [-2.541796, 56.0018757], [-2.5415767, 56.0023109], [-2.5414099, 56.0028814], [-2.5414202, 56.0030306], [-2.5414562, 56.0030785], [-2.5415347, 56.0031141], [-2.5415764, 56.003179], [-2.5415575, 56.0032303], [-2.5415184, 56.0032411], [-2.5414357, 56.0032552], [-2.5414305, 56.0032853], [-2.5414773, 56.0032934], [-2.5415365, 56.0033223], [-2.5416264, 56.0034011], [-2.5417333, 56.0035438], [-2.5418236, 56.0037047], [-2.5420053, 56.0038439], [-2.5427016, 56.0043132], [-2.5428543, 56.0044369], [-2.5430959, 56.0045594], [-2.5431777, 56.0046247], [-2.543163, 56.0046943], [-2.5430764, 56.004728]], [[-2.5431062, 55.9998362], [-2.5433427, 56.0002624], [-2.5436206, 56.000734], [-2.5436794, 56.0008338], [-2.5436921, 56.0008694], [-2.5436712, 56.0009193], [-2.5436238, 56.0009492], [-2.5433923, 56.0010388], [-2.5433471, 56.0010563], [-2.5432811, 56.0011078], [-2.5430665, 56.0012259]], [[-2.5424118, 55.9988789], [-2.5425485, 55.9990467], [-2.5426722, 55.9991187], [-2.5427669, 55.9992287], [-2.5431062, 55.9998362]], [[-2.5513307, 55.9972201], [-2.5509927, 55.9974522], [-2.5508988, 55.9976667], [-2.5507492, 55.997972], [-2.5504127, 55.9981652], [-2.5501795, 55.998207], [-2.5498206, 55.9982712], [-2.544632, 55.9987038], [-2.5424118, 55.9988789]], [[-2.5515001, 55.997359], [-2.5513307, 55.9972201]], [[-2.558364, 56.0000015], [-2.5580093, 56.0000531], [-2.5577592, 56.0000144], [-2.5573805, 55.9998982], [-2.5561808, 55.9994308], [-2.555433, 55.9991582], [-2.5540853, 55.9989556], [-2.5528467, 55.9988388], [-2.5523248, 55.9987765], [-2.5513199, 55.9985194], [-2.5511563, 55.9983714], [-2.5511563, 55.9982467], [-2.5511953, 55.9981143], [-2.5514368, 55.9975456], [-2.5515001, 55.997359]], [[-2.5586821, 55.9998675], [-2.558364, 56.0000015]], [[-2.578379, 56.0010279], [-2.5782917, 56.0010331], [-2.5776555, 56.0010662], [-2.5770223, 56.000963], [-2.575724, 56.0010199], [-2.5737775, 56.0010531], [-2.5718189, 56.0012117], [-2.5705643, 56.0013535], [-2.5699108, 56.0012982], [-2.5685206, 56.0013492], [-2.5682586, 56.0014504], [-2.5678684, 56.0014882], [-2.5677271, 56.0014788], [-2.5676181, 56.0013654], [-2.5674123, 56.0012718], [-2.5672233, 56.0012323], [-2.566887, 56.0012555], [-2.5662084, 56.0012583], [-2.5655307, 56.0012486], [-2.5648269, 56.0013093], [-2.5641709, 56.0013045], [-2.5637539, 56.0013191], [-2.5633238, 56.0013895], [-2.5625158, 56.0014405], [-2.5619836, 56.0015037], [-2.5616296, 56.0013506], [-2.5613754, 56.0012741], [-2.5608707, 56.0010198], [-2.5595065, 56.0004022], [-2.5590823, 56.0002101], [-2.5586821, 55.9998675]], [[-2.5785652, 56.0010717], [-2.578379, 56.0010279]], [[-2.5988579, 55.9976013], [-2.598634, 55.9975687], [-2.5983695, 55.9975217], [-2.5971432, 55.9976436], [-2.5953253, 55.9977212], [-2.5939243, 55.9978466], [-2.5916846, 55.9980878], [-2.5913399, 55.9982053], [-2.5910286, 55.9981851], [-2.5908783, 55.9982472], [-2.5906295, 55.9983034], [-2.590278, 55.9983807], [-2.5898687, 55.9984742], [-2.5890771, 55.9986134], [-2.5885775, 55.9986099], [-2.5883445, 55.9986662], [-2.5881361, 55.9986672], [-2.5880392, 55.998692], [-2.5878709, 55.998735], [-2.5877724, 55.9987477], [-2.5873973, 55.9989045], [-2.5873196, 55.9989882], [-2.5871699, 55.9990073], [-2.5870923, 55.9990327], [-2.5870159, 55.9990302], [-2.5861621, 55.9992276], [-2.5856582, 55.9993653], [-2.5854208, 55.9994597], [-2.5849782, 55.9996153], [-2.5845709, 55.9997827], [-2.5844572, 55.9997965], [-2.5840026, 55.9999713], [-2.5838075, 56.0000157], [-2.5834248, 56.0002064], [-2.5829796, 56.000396], [-2.5818089, 56.0007456], [-2.5808827, 56.0009601], [-2.580229, 56.001038], [-2.5794978, 56.0010973], [-2.5790343, 56.0010711], [-2.5785652, 56.0010717]], [[-2.6191861, 55.9943005], [-2.617994, 55.9943533], [-2.6168792, 55.9943629], [-2.6160521, 55.9945198], [-2.6149236, 55.9947215], [-2.6140125, 55.9948889], [-2.6129156, 55.9949778], [-2.611816, 55.9950146], [-2.6110122, 55.9950721], [-2.6103823, 55.9951652], [-2.6091802, 55.9954522], [-2.6085589, 55.9956285], [-2.6083248, 55.995782], [-2.6081087, 55.9962176], [-2.6080141, 55.9964442], [-2.6078836, 55.996545], [-2.6069749, 55.9969145], [-2.6067012, 55.9970142], [-2.6048197, 55.9974646], [-2.6041288, 55.9976124], [-2.6026363, 55.9977882], [-2.6006237, 55.9980628], [-2.5994968, 55.9982319], [-2.5993249, 55.9982124], [-2.5988579, 55.9976013]], [[-2.6191861, 55.9943005], [-2.6194746, 55.9945787], [-2.6204717, 55.9961643], [-2.6212461, 55.9973014], [-2.6215945, 55.9977884], [-2.6217401, 55.9981001]], [[-2.6217401, 55.9981001], [-2.6221315, 55.9979792]], [[-2.6221315, 55.9979792], [-2.6224261, 55.9975977], [-2.6231922, 55.9970595], [-2.6244947, 55.9964355], [-2.6256295, 55.9959162], [-2.6264749, 55.9955056], [-2.6276566, 55.9951988], [-2.6286143, 55.9949717], [-2.6295395, 55.9945522], [-2.6301335, 55.9937282], [-2.6304884, 55.9931309], [-2.6304724, 55.9929374], [-2.6305515, 55.9927077], [-2.6306038, 55.992748]], [[-2.6306038, 55.992748], [-2.6306471, 55.9929267]], [[-2.6306471, 55.9929267], [-2.6310517, 55.9929538]], [[-2.6310517, 55.9929538], [-2.6312984, 55.992848]], [[-2.6312984, 55.992848], [-2.6315866, 55.9929655], [-2.6323629, 55.9929185], [-2.6325908, 55.9928128]], [[-2.6419596, 55.9890955], [-2.6418451, 55.9891214], [-2.6414673, 55.988952], [-2.6409447, 55.9888729], [-2.6402986, 55.9889745], [-2.6367684, 55.9891313], [-2.6349257, 55.9892672], [-2.6336919, 55.9894894], [-2.6335168, 55.9896149], [-2.6337233, 55.9901481], [-2.6337507, 55.9905716], [-2.6346146, 55.9913021], [-2.6348433, 55.9916746], [-2.6347649, 55.9918288], [-2.6325908, 55.9928128]], [[-2.6421785, 55.9889357], [-2.6419596, 55.9890955]], [[-2.6515213, 55.9913257], [-2.6484676, 55.9919925], [-2.6476138, 55.9920922], [-2.6471277, 55.9921047], [-2.6465482, 55.9919364], [-2.6463238, 55.9917931], [-2.6455137, 55.9908396], [-2.6446536, 55.9901416], [-2.6441551, 55.9898363], [-2.6425285, 55.9890074], [-2.6424226, 55.9888578], [-2.6421785, 55.9889357]], [[-2.6516833, 55.9915251], [-2.6515213, 55.9913257]], [[-2.65369, 55.9914753], [-2.6534968, 55.991494], [-2.6532538, 55.9916186], [-2.6525807, 55.9916934], [-2.6516833, 55.9915251]], [[-2.6538769, 55.9916898], [-2.65369, 55.9914753]], [[-2.6559679, 55.9902438], [-2.6552967, 55.990958], [-2.655181, 55.9910718], [-2.6550816, 55.9911164], [-2.6543176, 55.9913788], [-2.6540162, 55.9915522], [-2.6538769, 55.9916898]], [[-2.6568119, 55.9894673], [-2.6563378, 55.989824], [-2.6559679, 55.9902438]], [[-2.6584081, 55.9887378], [-2.6582408, 55.9888904], [-2.6568119, 55.9894673]], [[-2.6663733, 55.9917511], [-2.6652462, 55.9914304], [-2.6645542, 55.9912479], [-2.6640794, 55.9910214], [-2.663189, 55.9906436], [-2.6626833, 55.9904391], [-2.6625308, 55.9903738], [-2.6625141, 55.9903667], [-2.6622695, 55.9902772], [-2.6614626, 55.9900812], [-2.6607373, 55.9898718], [-2.6602576, 55.9897083], [-2.6599726, 55.9896112], [-2.6595114, 55.9893559], [-2.6593579, 55.989271], [-2.6584081, 55.9887378]], [[-2.668001, 55.9923632], [-2.6679206, 55.992272], [-2.6677511, 55.9922327], [-2.6668821, 55.9919724], [-2.6662754, 55.9918004], [-2.6663733, 55.9917511]], [[-2.6681006, 55.9922937], [-2.668001, 55.9923632]], [[-2.6686901, 55.9923668], [-2.668368, 55.9923468], [-2.668221, 55.9923409], [-2.6681006, 55.9922937]], [[-2.6743486, 55.9987997], [-2.6736471, 55.9977261], [-2.6730482, 55.997016], [-2.6710375, 55.9949624], [-2.6708021, 55.9946296], [-2.6701226, 55.9940139], [-2.6688841, 55.9924997], [-2.668832, 55.9924917], [-2.6686901, 55.9923668]], [[-2.6754435, 56.0095075], [-2.6753058, 56.0094782], [-2.674831, 56.0085933], [-2.6756653, 56.0084279], [-2.6758962, 56.0083189], [-2.6756747, 56.0074793], [-2.6752588, 56.0065894], [-2.6752233, 56.0062926], [-2.6751173, 56.0061792], [-2.6749463, 56.00614], [-2.6747158, 56.006185], [-2.6744605, 56.006338], [-2.6738321, 56.0059657], [-2.6734378, 56.0056011], [-2.6756424, 56.0042683], [-2.6759073, 56.0040505], [-2.6761005, 56.0031845], [-2.6761546, 56.0024122], [-2.6762125, 56.0022421], [-2.6765395, 56.001994], [-2.6766585, 56.0018278], [-2.6762976, 56.001216], [-2.6755716, 56.0003641], [-2.6745434, 55.9989308], [-2.6743736, 55.9988967], [-2.6743486, 55.9987997]], [[-2.6755243, 56.0096256], [-2.6754435, 56.0095075]], [[-2.6791902, 56.015141], [-2.6788114, 56.0147923], [-2.6755243, 56.0096256]], [[-2.6799486, 56.0149967], [-2.6791902, 56.015141]], [[-2.6815784, 56.0173931], [-2.6802391, 56.0152965], [-2.6800195, 56.015006], [-2.6799486, 56.0149967]], [[-2.6850053, 56.0238972], [-2.6837072, 56.0213702], [-2.6837396, 56.0210402], [-2.6836779, 56.0208767], [-2.6832625, 56.0202543], [-2.6831579, 56.0198988], [-2.6828204, 56.019319], [-2.6815784, 56.0173931]], [[-2.6851353, 56.0238777], [-2.6850053, 56.0238972]], [[-2.691257, 56.0358089], [-2.6911277, 56.0355811], [-2.6904936, 56.0352753], [-2.6901003, 56.034423], [-2.6901168, 56.0342003], [-2.6897391, 56.0340149], [-2.6897987, 56.0337238], [-2.6895002, 56.0327911], [-2.6894808, 56.0322452], [-2.6895522, 56.0320372], [-2.6894937, 56.0319452], [-2.6894451, 56.0319609], [-2.6893365, 56.0316584], [-2.6891247, 56.0314518], [-2.6889523, 56.0305769], [-2.689033, 56.0303225], [-2.6889884, 56.0302699], [-2.6891202, 56.0300707], [-2.6895236, 56.0297894], [-2.689979, 56.0297024], [-2.6909982, 56.0296233], [-2.690925, 56.0295373], [-2.6905582, 56.0294732], [-2.6902788, 56.0292903], [-2.6902831, 56.0292238], [-2.6906425, 56.0291913], [-2.6907424, 56.0291261], [-2.6906973, 56.0290408], [-2.6900817, 56.0291042], [-2.6894511, 56.0287407], [-2.6881439, 56.0282474], [-2.6875362, 56.0277555], [-2.6874081, 56.0274427], [-2.6867394, 56.0270933], [-2.6865472, 56.0269249], [-2.6865313, 56.0267944], [-2.6868606, 56.0265418], [-2.6870946, 56.0264427], [-2.6871705, 56.0263059], [-2.6875896, 56.0260892], [-2.6879963, 56.0260299], [-2.6886543, 56.0258247], [-2.6884888, 56.0255376], [-2.6885184, 56.0254046], [-2.6882858, 56.0252773], [-2.6881333, 56.024912], [-2.6879372, 56.0247084], [-2.6879609, 56.0245719], [-2.6881457, 56.0244553], [-2.688148, 56.0242759], [-2.6886394, 56.0240018], [-2.6890853, 56.0238824], [-2.6886348, 56.0235124], [-2.6883871, 56.0234969], [-2.685406, 56.0239072], [-2.6851693, 56.0239319], [-2.6851353, 56.0238777]], [[-2.6904376, 56.0363739], [-2.6904602, 56.0363595], [-2.6909067, 56.0360752], [-2.6911744, 56.035949], [-2.691257, 56.0358089]], [[-2.7027922, 56.0395653], [-2.7027206, 56.0395464], [-2.6998562, 56.0360097], [-2.6995269, 56.0360078], [-2.6910326, 56.0369845], [-2.6909041, 56.036967], [-2.6904376, 56.0363739]], [[-2.7118672, 56.0382756], [-2.7042768, 56.0389844], [-2.7038722, 56.039065], [-2.7027922, 56.0395653]], [[-2.7145396, 56.0413214], [-2.7124287, 56.0391986], [-2.7118672, 56.0382756]], [[-2.7178922, 56.044786], [-2.7145396, 56.0413214]], [[-2.7188671, 56.0488163], [-2.718789, 56.0486187], [-2.7190828, 56.0481684], [-2.7191832, 56.0477147], [-2.7189558, 56.0472427], [-2.7188178, 56.0469561], [-2.7187208, 56.0468698], [-2.7181865, 56.0463945], [-2.718151, 56.0463538], [-2.7183588, 56.0462209], [-2.7183878, 56.0460533], [-2.7177717, 56.0448896], [-2.7178922, 56.044786]], [[-2.7193997, 56.0493344], [-2.7190437, 56.0489311], [-2.7188671, 56.0488163]], [[-2.7192158, 56.0516678], [-2.7191732, 56.0515539], [-2.7194458, 56.0507569], [-2.7193997, 56.0493344]], [[-2.7155175, 56.0521749], [-2.7183405, 56.051997], [-2.719127, 56.051955], [-2.7192828, 56.0519444], [-2.7192158, 56.0516678]], [[-2.7156211, 56.0530744], [-2.7157042, 56.0529513], [-2.7157084, 56.052862], [-2.7156607, 56.0527141], [-2.7156133, 56.0525693], [-2.7155694, 56.052378], [-2.7155175, 56.0521749]], [[-2.7153472, 56.0537302], [-2.7153554, 56.0535913], [-2.7153615, 56.0534014], [-2.7154739, 56.0532442], [-2.7156211, 56.0530744]], [[-2.7153363, 56.0538594], [-2.7153405, 56.0538092], [-2.7153472, 56.0537302]], [[-2.7150983, 56.0544489], [-2.7153363, 56.0538594]], [[-2.7151091, 56.0551882], [-2.7151086, 56.0550011], [-2.7151367, 56.0547521], [-2.7151487, 56.0546007], [-2.7150983, 56.0544489]], [[-2.7150989, 56.0557337], [-2.7151091, 56.0551882]], [[-2.7170165, 56.0576067], [-2.7172239, 56.0576003], [-2.717275, 56.0574057], [-2.7169559, 56.0565601], [-2.7167134, 56.0564102], [-2.7153158, 56.0560273], [-2.7150989, 56.0557337]], [[-2.7170165, 56.0576067], [-2.716931, 56.0576354], [-2.7165411, 56.0577662], [-2.7164899, 56.0578633]], [[-2.7169869, 56.0581556], [-2.7169683, 56.0581053], [-2.7169085, 56.0580464], [-2.716836, 56.0579964], [-2.7167841, 56.0579607], [-2.7166827, 56.0579001], [-2.716528, 56.0578624], [-2.7164899, 56.0578633]], [[-2.716938, 56.0582183], [-2.7169869, 56.0581556]], [[-2.7170508, 56.0586793], [-2.7170256, 56.0585958], [-2.7170015, 56.0585157], [-2.716938, 56.0582183]], [[-2.7170508, 56.0586793], [-2.717853, 56.0586011], [-2.7186904, 56.0584979], [-2.7194313, 56.058407], [-2.7195202, 56.0583966], [-2.7204486, 56.0582736], [-2.7207493, 56.0582438], [-2.7214171, 56.058159], [-2.7219932, 56.0581268]], [[-2.7220918, 56.0586534], [-2.7219932, 56.0581268]], [[-2.7277424, 56.0587033], [-2.7270632, 56.0588516], [-2.726508, 56.0588007], [-2.7255283, 56.0591746], [-2.7254275, 56.0591712], [-2.7234257, 56.0588685], [-2.7227397, 56.0587849], [-2.7222211, 56.0587688], [-2.7220918, 56.0586534]], [[-2.7277424, 56.0587033], [-2.7277716, 56.0587257], [-2.7289936, 56.0596591], [-2.7294361, 56.0599811], [-2.7295253, 56.0599433], [-2.7300479, 56.0597224]], [[-2.7311704, 56.059103], [-2.7309126, 56.0592752], [-2.7304845, 56.0595101], [-2.7300479, 56.0597224]], [[-2.7345837, 56.0590609], [-2.7344939, 56.0590274], [-2.7343254, 56.0589646], [-2.7340989, 56.0588826], [-2.7338137, 56.0588309], [-2.7335373, 56.0588169], [-2.7332375, 56.058832], [-2.733007, 56.0588762], [-2.7327754, 56.0589462], [-2.7325737, 56.0590282], [-2.7323948, 56.0591124], [-2.7322431, 56.0591645], [-2.7320585, 56.0591946], [-2.7318269, 56.0592101], [-2.7316036, 56.0591984], [-2.7313611, 56.0591558], [-2.7311704, 56.059103]], [[-2.7404549, 56.0593906], [-2.7390547, 56.0592421], [-2.7382212, 56.0591839], [-2.7373513, 56.05916], [-2.7364737, 56.059172], [-2.7351658, 56.0591918], [-2.7349191, 56.0591589], [-2.7347068, 56.0591068], [-2.7345837, 56.0590609]], [[-2.7401501, 56.0599548], [-2.7402069, 56.0598584], [-2.7404549, 56.0593906]], [[-2.7428557, 56.0592224], [-2.7428117, 56.0592328], [-2.7424682, 56.0595509], [-2.7412837, 56.0595669], [-2.7408119, 56.0600828], [-2.7401501, 56.0599548]], [[-2.7433073, 56.0587435], [-2.7432392, 56.0588157], [-2.7431744, 56.0588844], [-2.7429307, 56.0591429], [-2.7428557, 56.0592224]], [[-2.7588966, 56.0572236], [-2.7570279, 56.0573997], [-2.7514084, 56.0580791], [-2.7479441, 56.0584725], [-2.7475353, 56.0584628], [-2.7471656, 56.058421], [-2.7469138, 56.0583758], [-2.7455303, 56.0583773], [-2.744908, 56.0584226], [-2.7444776, 56.0584605], [-2.7440999, 56.0585189], [-2.7438024, 56.0585901], [-2.7435196, 56.0587054], [-2.7433687, 56.0587513], [-2.7433073, 56.0587435]], [[-2.7768274, 56.0622747], [-2.7766343, 56.0623623], [-2.7764069, 56.0623937], [-2.7750029, 56.0625607], [-2.7746633, 56.0625585], [-2.7733377, 56.0622547], [-2.7724812, 56.0620268], [-2.7721901, 56.0619062], [-2.7710838, 56.0617727], [-2.7709024, 56.06169], [-2.770733, 56.0615105], [-2.7700622, 56.0606079], [-2.7698897, 56.0600647], [-2.7696114, 56.0598733], [-2.7694457, 56.0596636], [-2.7695363, 56.0595391], [-2.7654932, 56.0571849], [-2.7632279, 56.0574829], [-2.7626024, 56.0574441], [-2.7618247, 56.0571507], [-2.7615679, 56.0571812], [-2.7610426, 56.0574103], [-2.759631, 56.0576502], [-2.7591342, 56.0578007], [-2.7590574, 56.0577475], [-2.758911, 56.0572867], [-2.7588966, 56.0572236]], [[-2.7768274, 56.0622747], [-2.7769165, 56.0624576], [-2.7778014, 56.0626966]], [[-2.7786756, 56.062503], [-2.7778014, 56.0626966]], [[-2.7795877, 56.0620843], [-2.7794812, 56.0621221], [-2.7794188, 56.0621408], [-2.7786756, 56.062503]], [[-2.779257, 56.0610331], [-2.7794585, 56.061355], [-2.7796323, 56.0617235], [-2.7796293, 56.0617367], [-2.7795877, 56.0620843]], [[-2.7789381, 56.0607048], [-2.779257, 56.0610331]], [[-2.7847933, 56.0586118], [-2.7846012, 56.0586904], [-2.78436, 56.058789], [-2.7837547, 56.058952], [-2.7835354, 56.0590952], [-2.7828741, 56.0593238], [-2.782717, 56.0594206], [-2.7811117, 56.0600422], [-2.7800359, 56.0603992], [-2.7793496, 56.0605022], [-2.7789381, 56.0607048]], [[-2.7831754, 56.0517956], [-2.7858793, 56.0572415], [-2.7856858, 56.0577576], [-2.7852874, 56.0581656], [-2.7851265, 56.0582756], [-2.784859, 56.0584585], [-2.7849064, 56.0585419], [-2.7847933, 56.0586118]], [[-2.7831754, 56.0517956], [-2.7829364, 56.0495557], [-2.7829333, 56.0495266]], [[-2.7829333, 56.0495266], [-2.7828386, 56.048639], [-2.7828321, 56.0485784]], [[-2.7828321, 56.0485784], [-2.7827882, 56.0476508]], [[-2.7827882, 56.0476508], [-2.7826806, 56.0469948], [-2.7822886, 56.0465761]], [[-2.796417, 56.0457994], [-2.7960092, 56.0458253], [-2.7944159, 56.0457669], [-2.7925115, 56.0458677], [-2.7864431, 56.0463055], [-2.7836765, 56.0463852], [-2.7826606, 56.0464982], [-2.7822886, 56.0465761]], [[-2.7973167, 56.0444318], [-2.797222, 56.0446862], [-2.7971121, 56.0448382], [-2.796417, 56.0457994]], [[-2.8070268, 56.0411463], [-2.806539, 56.0412314], [-2.8056509, 56.0412458], [-2.8048007, 56.041177], [-2.80296, 56.0412875], [-2.8014949, 56.0413581], [-2.8012536, 56.0413709], [-2.8005626, 56.0415544], [-2.800199, 56.041717], [-2.7995904, 56.0421927], [-2.7985485, 56.0432993], [-2.7977785, 56.0441943], [-2.7975958, 56.0443306], [-2.7973167, 56.0444318]], [[-2.818127, 56.0387007], [-2.8162395, 56.039177], [-2.8136837, 56.0398036], [-2.8114051, 56.0403699], [-2.8109378, 56.0404861], [-2.8098773, 56.0407837], [-2.809114, 56.0409245], [-2.8070268, 56.0411463]], [[-2.832691, 56.0345136], [-2.8323268, 56.0346183], [-2.8320398, 56.0346873], [-2.8320096, 56.0346942], [-2.8317214, 56.0347835], [-2.8296953, 56.035411], [-2.8280747, 56.0359221], [-2.8263936, 56.036429], [-2.8263699, 56.0364354], [-2.8243673, 56.0369735], [-2.8241261, 56.0370383], [-2.8238267, 56.037116], [-2.8232516, 56.0372751], [-2.822059, 56.037634], [-2.8214256, 56.0378246], [-2.8202332, 56.0381737], [-2.818127, 56.0387007]], [[-2.831978, 56.0335904], [-2.8320752, 56.0336828], [-2.8323944, 56.0340967], [-2.832691, 56.0345136]], [[-2.8292492, 56.0314239], [-2.8293298, 56.0314879], [-2.831978, 56.0335904]], [[-2.8301271, 56.0306052], [-2.8300728, 56.0306436], [-2.8291681, 56.0312826], [-2.8292492, 56.0314239]], [[-2.8397553, 56.0200786], [-2.839544, 56.0203111], [-2.838615, 56.0208582], [-2.8372384, 56.0215293], [-2.8363542, 56.0218502], [-2.8352628, 56.0225743], [-2.8334416, 56.0235503], [-2.8332592, 56.0236049], [-2.8328949, 56.0239024], [-2.8329174, 56.024051], [-2.8347823, 56.0252249], [-2.8346805, 56.0256098], [-2.8336786, 56.0278818], [-2.8335635, 56.0280958], [-2.8325569, 56.0289309], [-2.8310195, 56.029929], [-2.8301271, 56.0306052]], [[-2.8597652, 56.010391], [-2.8597812, 56.0104446], [-2.8597506, 56.0105095], [-2.8597034, 56.0105492], [-2.8595601, 56.010588], [-2.8593938, 56.0106019], [-2.8591638, 56.010616], [-2.8589039, 56.0106441], [-2.8587258, 56.010662], [-2.8584491, 56.0107265], [-2.8581314, 56.0108341], [-2.8571053, 56.0112894], [-2.8568451, 56.0113722], [-2.8565148, 56.0114704], [-2.8558765, 56.0116089], [-2.8526649, 56.0124176], [-2.8524587, 56.0124567], [-2.8522494, 56.0124795], [-2.8514455, 56.012555], [-2.8511979, 56.0126115], [-2.8509286, 56.0126919], [-2.8506819, 56.0128093], [-2.8504528, 56.0129201], [-2.8501819, 56.0130764], [-2.8500152, 56.0132176], [-2.8499172, 56.0133758], [-2.8497267, 56.013845], [-2.8495817, 56.0140934], [-2.8494724, 56.0142099], [-2.8492411, 56.0143587], [-2.8490575, 56.014435], [-2.8487564, 56.0145003], [-2.8485402, 56.0145221], [-2.8478442, 56.0146044], [-2.8474925, 56.0146473], [-2.8472743, 56.014644], [-2.8443875, 56.0144762], [-2.8429448, 56.0145457], [-2.8425748, 56.0146264], [-2.842378, 56.0147058], [-2.8423062, 56.0147348], [-2.841277, 56.0153638], [-2.8405219, 56.0156164], [-2.838862, 56.0161169], [-2.8380011, 56.0166027], [-2.8376584, 56.0169372], [-2.8375352, 56.017174], [-2.8375778, 56.0173896], [-2.8378636, 56.0180437], [-2.8381709, 56.0186119], [-2.83878, 56.0191564], [-2.8397553, 56.0200786]], [[-2.8591926, 56.0094622], [-2.8590443, 56.0094851], [-2.8589482, 56.0095263], [-2.8589233, 56.0095789], [-2.8590685, 56.0097605], [-2.8596772, 56.0102581], [-2.8597652, 56.010391]], [[-2.8628268, 56.0087822], [-2.8623756, 56.0089145], [-2.8617739, 56.0090666], [-2.8611983, 56.0091761], [-2.8609801, 56.009215], [-2.8591926, 56.0094622]], [[-2.8643355, 56.0082693], [-2.8628268, 56.0087822]], [[-2.884438, 56.0000182], [-2.8840459, 56.0005663], [-2.8840911, 56.0006783], [-2.8838143, 56.0009176], [-2.8835812, 56.0010041], [-2.8832831, 56.001034], [-2.8828831, 56.0011764], [-2.8822436, 56.0014212], [-2.8820157, 56.0015561], [-2.8814444, 56.0017194], [-2.8804258, 56.0022088], [-2.879496, 56.0024732], [-2.8783051, 56.0029648], [-2.8780576, 56.0030107], [-2.8768636, 56.0034317], [-2.8767296, 56.0035441], [-2.87626, 56.0037446], [-2.8754034, 56.0041104], [-2.8743235, 56.0044679], [-2.8738975, 56.0046683], [-2.8737395, 56.0046866], [-2.8732895, 56.0049207], [-2.8730126, 56.005017], [-2.8728245, 56.005027], [-2.8712224, 56.0056912], [-2.8710196, 56.0058442], [-2.8702385, 56.0060777], [-2.8697721, 56.0063116], [-2.8681637, 56.0068762], [-2.8675512, 56.007179], [-2.8668922, 56.0073811], [-2.8664613, 56.0075905], [-2.866013, 56.007718], [-2.8649248, 56.0081715], [-2.8643355, 56.0082693]], [[-2.8844501, 55.9999617], [-2.884438, 56.0000182]], [[-2.8844566, 55.9999319], [-2.8844501, 55.9999617]], [[-2.8942795, 55.9895645], [-2.8936933, 55.9897075], [-2.8934462, 55.9897196], [-2.8932124, 55.9898063], [-2.8928365, 55.9898543], [-2.8919765, 55.990203], [-2.890881, 55.9907475], [-2.8903349, 55.991083], [-2.889891, 55.9911952], [-2.8884343, 55.9920565], [-2.8873067, 55.9936729], [-2.8862562, 55.994701], [-2.885749, 55.9955774], [-2.8857045, 55.9960376], [-2.8849035, 55.997877], [-2.8844566, 55.9999319]], [[-2.8969119, 55.9886401], [-2.8962178, 55.9890547], [-2.8959055, 55.9891348], [-2.8955466, 55.9892709], [-2.8942795, 55.9895645]], [[-2.8971364, 55.9876358], [-2.8970607, 55.9880846], [-2.896912, 55.9883047], [-2.8969119, 55.9886401]], [[-2.8972217, 55.9863242], [-2.8972371, 55.9863249], [-2.8975009, 55.9866025], [-2.8975745, 55.9868514], [-2.8975136, 55.9870384], [-2.8974193, 55.987328], [-2.8971364, 55.9876358]], [[-2.8970113, 55.9859216], [-2.8972217, 55.9863242]], [[-2.8979615, 55.9830895], [-2.8976747, 55.9835346], [-2.8975894, 55.9835502], [-2.8973333, 55.9838381], [-2.8972854, 55.9841837], [-2.8970497, 55.9847602], [-2.8969908, 55.9851338], [-2.8970831, 55.9855527], [-2.8970113, 55.9859216]], [[-2.9042504, 55.9804514], [-2.9039982, 55.9807205], [-2.9037904, 55.9808525], [-2.9033776, 55.9809105], [-2.9031645, 55.9808893], [-2.9026161, 55.981012], [-2.9013705, 55.980983], [-2.9010369, 55.9810319], [-2.9007413, 55.9811315], [-2.9000152, 55.9814635], [-2.8992254, 55.9821939], [-2.898828, 55.9823711], [-2.8983888, 55.9826652], [-2.8979615, 55.9830895]], [[-2.9042903, 55.9804088], [-2.9042504, 55.9804514]], [[-2.9127421, 55.9756922], [-2.9124869, 55.9759535], [-2.912528, 55.9759723], [-2.9123702, 55.9760635], [-2.9122494, 55.9762632], [-2.9115526, 55.9765661], [-2.911296, 55.9767973], [-2.9108874, 55.9768831], [-2.9108827, 55.9770078], [-2.9100968, 55.9773871], [-2.9098912, 55.9776077], [-2.909691, 55.9777041], [-2.9096033, 55.9776963], [-2.9093793, 55.9778295], [-2.9091706, 55.9779836], [-2.9090935, 55.9781198], [-2.9091429, 55.9782581], [-2.9087788, 55.9785038], [-2.9085756, 55.9785492], [-2.9084268, 55.9787137], [-2.9077643, 55.9791547], [-2.9075525, 55.9792272], [-2.907367, 55.9793865], [-2.9068228, 55.9796084], [-2.9065857, 55.9795403], [-2.9063316, 55.9795576], [-2.905867, 55.9796454], [-2.9055584, 55.9797038], [-2.9052786, 55.979912], [-2.9050306, 55.9801528], [-2.9047101, 55.9802043], [-2.9042903, 55.9804088]], [[-2.9149899, 55.9746447], [-2.9149072, 55.9748159], [-2.9144611, 55.9749773], [-2.9141689, 55.9749858], [-2.913727, 55.9748846], [-2.9134738, 55.9750366], [-2.9131205, 55.975317], [-2.9127421, 55.9756922]], [[-2.9153036, 55.9745567], [-2.9149899, 55.9746447]], [[-2.9153487, 55.974544], [-2.9153036, 55.9745567]], [[-2.9248213, 55.9728147], [-2.9244799, 55.9730449], [-2.9237828, 55.9730095], [-2.9232792, 55.9731436], [-2.9205244, 55.973539], [-2.9201818, 55.9736824], [-2.9194095, 55.9738027], [-2.9175781, 55.9743435], [-2.9170434, 55.9744253], [-2.91689, 55.9743436], [-2.9167366, 55.9743319], [-2.9163352, 55.9744659], [-2.9160567, 55.9745089], [-2.9158019, 55.9744534], [-2.915596, 55.9744746], [-2.9153487, 55.974544]], [[-2.9298777, 55.972525], [-2.9280204, 55.9726164], [-2.9270146, 55.9727082], [-2.9248213, 55.9728147]], [[-2.9407368, 55.9721018], [-2.9389672, 55.9720383], [-2.9384088, 55.9720295], [-2.9335773, 55.9723764], [-2.9323919, 55.9724379], [-2.9298777, 55.972525]], [[-2.9531215, 55.9724953], [-2.9528332, 55.9725424], [-2.9524446, 55.9726272], [-2.9520177, 55.9726794], [-2.9516716, 55.9727629], [-2.9510736, 55.9729258], [-2.9505484, 55.9730519], [-2.9502495, 55.9730691], [-2.9500385, 55.9730812], [-2.9497657, 55.9730766], [-2.9495226, 55.9730488], [-2.9491688, 55.9729893], [-2.9484928, 55.9729039], [-2.9470556, 55.9727243], [-2.9463485, 55.9726564], [-2.9452131, 55.9725665], [-2.9431333, 55.9724594], [-2.9418708, 55.9724348], [-2.9411355, 55.9724328], [-2.9410238, 55.9724299], [-2.9407368, 55.9721018]], [[-2.9531467, 55.972339], [-2.9531509, 55.9724226], [-2.9531215, 55.9724953]], [[-2.9539343, 55.972231], [-2.954983, 55.9720812], [-2.9551462, 55.9720582], [-2.9554886, 55.9720077]], [[-2.9554886, 55.9720077], [-2.9563246, 55.9718819]], [[-2.9583912, 55.9719174], [-2.9576268, 55.9722518], [-2.9574283, 55.9722772], [-2.9564386, 55.9719994], [-2.9563246, 55.9718819]], [[-2.9583912, 55.9719174], [-2.9589276, 55.971856], [-2.9595823, 55.9716917], [-2.9603738, 55.9715838], [-2.9609737, 55.9714605], [-2.9614751, 55.9714081], [-2.962334, 55.9713052], [-2.9623696, 55.9710485], [-2.9626753, 55.9709007], [-2.9632105, 55.9707862], [-2.9633354, 55.970855]], [[-2.9633354, 55.970855], [-2.9639678, 55.9707476], [-2.9647005, 55.9706564], [-2.9649484, 55.9707257], [-2.9652189, 55.9706926], [-2.9655082, 55.970655], [-2.965435, 55.9706008], [-2.9648528, 55.9702257]], [[-2.9648528, 55.9702257], [-2.965157, 55.970033], [-2.9652, 55.969952], [-2.965177, 55.969843], [-2.964485, 55.969265], [-2.9643921, 55.969156]], [[-2.9653864, 55.9690162], [-2.9643921, 55.969156]], [[-2.9692666, 55.9698461], [-2.9691524, 55.9697906], [-2.9690708, 55.9698472], [-2.9684585, 55.9695597], [-2.9670087, 55.969271], [-2.9666921, 55.9692306], [-2.9656771, 55.969101], [-2.9654222, 55.9690685], [-2.9653864, 55.9690162]], [[-2.9693445, 55.969888], [-2.9692666, 55.9698461]], [[-2.9695855, 55.9700009], [-2.9693445, 55.969888]], [[-2.9696548, 55.9700296], [-2.9695855, 55.9700009]], [[-2.9755729, 55.9637108], [-2.9756456, 55.9638087], [-2.9757928, 55.963883], [-2.9764292, 55.9640695], [-2.9765565, 55.9642071], [-2.9766137, 55.9645082], [-2.9764176, 55.9648442], [-2.9764422, 55.9650919], [-2.9765478, 55.965305], [-2.9770027, 55.9655901], [-2.9772124, 55.9659285], [-2.9772475, 55.9661536], [-2.9768178, 55.9667716], [-2.9758756, 55.9671867], [-2.9748994, 55.9676638], [-2.9746077, 55.9681816], [-2.9713126, 55.9702439], [-2.9701917, 55.9702765], [-2.96978, 55.9701702], [-2.9696548, 55.9700296]], [[-2.9755729, 55.9637108], [-2.9753389, 55.963555]], [[-2.9755319, 55.9634259], [-2.9753389, 55.963555]], [[-2.9827399, 55.9603298], [-2.9825576, 55.9604074], [-2.9819671, 55.9606587], [-2.9812528, 55.9609627], [-2.9800174, 55.9614386], [-2.9792165, 55.9617247], [-2.9778448, 55.9622605], [-2.9774401, 55.9624372], [-2.9765419, 55.9628947], [-2.9760661, 55.9631398], [-2.9757273, 55.9633144], [-2.9755319, 55.9634259]], [[-2.9829131, 55.9604102], [-2.9827399, 55.9603298]], [[-2.9845477, 55.959723], [-2.9841885, 55.9598431], [-2.9840144, 55.9599282], [-2.9838736, 55.9599877], [-2.9829131, 55.9604102]], [[-2.9848887, 55.9596133], [-2.9845477, 55.959723]], [[-2.9849777, 55.9595869], [-2.9848887, 55.9596133]], [[-2.9860125, 55.9593422], [-2.9860557, 55.9594002], [-2.9861148, 55.9595217], [-2.985919, 55.9595637], [-2.9852914, 55.9596936], [-2.9851935, 55.9595247], [-2.9849777, 55.9595869]], [[-2.9874838, 55.9589125], [-2.9870774, 55.9591627], [-2.9868895, 55.9592396], [-2.9865517, 55.9593121], [-2.9860125, 55.9593422]], [[-2.9886906, 55.9585836], [-2.9880035, 55.9587997], [-2.9874838, 55.9589125]], [[-2.9884362, 55.9582289], [-2.988554, 55.9583989], [-2.9886906, 55.9585836]], [[-2.9932837, 55.956596], [-2.9930363, 55.9566883], [-2.992194, 55.9570157], [-2.9917515, 55.9572334], [-2.9904855, 55.9577004], [-2.9902548, 55.9578063], [-2.9884362, 55.9582289]], [[-2.9965093, 55.9555693], [-2.996098, 55.9557897], [-2.995592, 55.955952], [-2.9932837, 55.956596]], [[-3.0096452, 55.9528745], [-3.0095004, 55.9528982], [-3.0093818, 55.9529272], [-3.0091986, 55.9529953], [-3.0091406, 55.9530382], [-3.0090513, 55.9531574], [-3.0089359, 55.9532101], [-3.0085214, 55.9533075], [-3.0082198, 55.9533808], [-3.0079254, 55.953473], [-3.0077124, 55.9535671], [-3.0074041, 55.9537542], [-3.0071812, 55.9539205], [-3.006999, 55.954102], [-3.0069186, 55.9542323], [-3.0068409, 55.9543583], [-3.0067842, 55.954502], [-3.006761, 55.9546419], [-3.0066214, 55.9548216], [-3.0065141, 55.9549074], [-3.0052267, 55.9554653], [-3.0042611, 55.9555726], [-3.0031453, 55.9555726], [-3.0023943, 55.9555941], [-3.0017076, 55.9554868], [-3.0014194, 55.9554858], [-3.0008477, 55.9556207], [-3.0002343, 55.9555938], [-2.9996145, 55.9556419], [-2.9984239, 55.9556799], [-2.9975204, 55.9558884], [-2.9972076, 55.9558841], [-2.9969011, 55.9557872], [-2.9966007, 55.955637], [-2.9965792, 55.9556155], [-2.9965093, 55.9555693]], [[-3.0166753, 55.948964], [-3.0172042, 55.9488169], [-3.0181599, 55.9486256], [-3.019155, 55.948598], [-3.019967, 55.948678]], [[-3.019967, 55.948678], [-3.0199914, 55.9487223], [-3.0209457, 55.9495316], [-3.0220776, 55.9503826], [-3.022439, 55.950782], [-3.0226094, 55.9513381], [-3.02268, 55.951408], [-3.0229348, 55.9515693], [-3.023192, 55.951658], [-3.024592, 55.951977], [-3.025701, 55.952153], [-3.026713, 55.952368], [-3.027979, 55.95273], [-3.029265, 55.953018], [-3.029618, 55.953035], [-3.0319055, 55.9535881], [-3.0328332, 55.9537567], [-3.0330358, 55.9537766], [-3.033372, 55.9538608], [-3.034602, 55.954002], [-3.0347654, 55.9539966], [-3.0348806, 55.953963], [-3.035053, 55.9539674], [-3.0364038, 55.9541306], [-3.036842, 55.954137], [-3.0387575, 55.9541396]], [[-3.0387575, 55.9541396], [-3.039568, 55.95413], [-3.040362, 55.954077], [-3.0413664, 55.9539272], [-3.0419594, 55.9538072], [-3.043015, 55.95358], [-3.045815, 55.952902], [-3.046387, 55.952717], [-3.046955, 55.952462], [-3.047398, 55.952197], [-3.048005, 55.951623], [-3.048323, 55.951147], [-3.048508, 55.950658], [-3.048467, 55.95045], [-3.0484066, 55.9503867], [-3.0483071, 55.9503077], [-3.0481707, 55.9502395]], [[-3.0481707, 55.9502395], [-3.0480658, 55.9501696], [-3.0480689, 55.9501142], [-3.0480756, 55.9499934], [-3.048136, 55.9497914], [-3.0481763, 55.9497132], [-3.0482799, 55.9496273], [-3.0485429, 55.9495023]], [[-3.0485429, 55.9495023], [-3.0485616, 55.9492356], [-3.0485841, 55.9484441]], [[-3.0485841, 55.9484441], [-3.048696, 55.9472188], [-3.0488321, 55.9466237], [-3.0490085, 55.9460235], [-3.0492106, 55.9456154], [-3.0493378, 55.9454087]], [[-3.049497, 55.9454324], [-3.0494062, 55.9454189], [-3.0493378, 55.9454087]], [[-3.0504349, 55.9455546], [-3.049497, 55.9454324]], [[-3.050595, 55.9456094], [-3.0504349, 55.9455546]], [[-3.050595, 55.9456094], [-3.0505101, 55.9456603], [-3.0504074, 55.9457288]], [[-3.0504074, 55.9457288], [-3.0502959, 55.9457924], [-3.0500274, 55.9465688]], [[-3.0500274, 55.9465688], [-3.0500774, 55.9469185], [-3.049888, 55.94795], [-3.049947, 55.948088], [-3.0499979, 55.9481748], [-3.0500675, 55.9482105], [-3.0501813, 55.9482488], [-3.0502459, 55.9482645], [-3.0502306, 55.9483561], [-3.0506783, 55.9483843], [-3.050709, 55.948248], [-3.0509206, 55.9482592], [-3.0527583, 55.9483707], [-3.0531011, 55.9483728], [-3.0540817, 55.9482798], [-3.0545778, 55.9482372]], [[-3.054544, 55.9481137], [-3.0545778, 55.9482372]], [[-3.054544, 55.9481137], [-3.05474, 55.948043], [-3.0587602, 55.9470319]], [[-3.0587602, 55.9470319], [-3.0588575, 55.9471446], [-3.0606535, 55.9466734], [-3.061461, 55.9463687], [-3.0618837, 55.9462091], [-3.0625885, 55.9459938], [-3.0640404, 55.9455501], [-3.0647541, 55.9454059], [-3.0654509, 55.9453083], [-3.0658729, 55.9452631], [-3.0661814, 55.9450429]], [[-3.0660759, 55.9450042], [-3.0661814, 55.9450429]], [[-3.0660759, 55.9450042], [-3.0660483, 55.9448777]], [[-3.0694594, 55.9444876], [-3.0692707, 55.9446136], [-3.0690063, 55.9446379], [-3.0676331, 55.9446939], [-3.0671246, 55.9447205], [-3.0669747, 55.9447541], [-3.0666495, 55.944827], [-3.0664283, 55.9448575], [-3.0660483, 55.9448777]], [[-3.0696462, 55.9445304], [-3.0694594, 55.9444876]], [[-3.0785289, 55.9460168], [-3.077373, 55.9457339], [-3.0770041, 55.9456876], [-3.0764914, 55.9456547], [-3.0758446, 55.9456519], [-3.0751689, 55.9456498], [-3.0748228, 55.9456265], [-3.0741167, 55.9455257], [-3.0720018, 55.9450561], [-3.0719513, 55.9450461], [-3.0696462, 55.9445304]], [[-3.078716, 55.9460566], [-3.0785289, 55.9460168]], [[-3.078716, 55.9460566], [-3.078982, 55.9455314], [-3.0792276, 55.9454103], [-3.079433, 55.9452037], [-3.0796242, 55.9451077]], [[-3.0796242, 55.9451077], [-3.0797543, 55.9450432]], [[-3.0797543, 55.9450432], [-3.079983, 55.945119], [-3.080323, 55.9453], [-3.080484, 55.945367], [-3.080607, 55.945395], [-3.080807, 55.945403], [-3.0809684, 55.9453821], [-3.081548, 55.945103], [-3.081887, 55.944999]], [[-3.081887, 55.944999], [-3.0820069, 55.9449592]], [[-3.0820069, 55.9449592], [-3.082391, 55.944978], [-3.082584, 55.944967], [-3.083646, 55.944804], [-3.083761, 55.944771], [-3.083952, 55.944673], [-3.084195, 55.944626], [-3.08549, 55.944639], [-3.08672, 55.944671], [-3.087106, 55.944652], [-3.087338, 55.944589], [-3.0877338, 55.9444127], [-3.087998, 55.944295], [-3.088393, 55.944171], [-3.088987, 55.943891], [-3.089279, 55.943813], [-3.089643, 55.943737], [-3.090016, 55.943593], [-3.090138, 55.943589], [-3.090349, 55.943725], [-3.090573, 55.943784]], [[-3.090573, 55.943784], [-3.090977, 55.943601], [-3.091249, 55.943502], [-3.092009, 55.943161], [-3.092247, 55.943038], [-3.09251, 55.942932], [-3.0931632, 55.9427769], [-3.093942, 55.942592], [-3.094631, 55.94239], [-3.094962, 55.942277], [-3.095398, 55.942207], [-3.095759, 55.942126], [-3.095906, 55.942056], [-3.0961179, 55.9418955], [-3.096298, 55.941821], [-3.096546, 55.941782], [-3.096936, 55.941784], [-3.097323, 55.941763], [-3.09825, 55.941658]], [[-3.09825, 55.941658], [-3.098483, 55.941576], [-3.098684, 55.941547], [-3.098962, 55.941544], [-3.099305, 55.941574], [-3.099593, 55.941576]], [[-3.100428, 55.9418072], [-3.099593, 55.941576]], [[-3.100428, 55.9418072], [-3.100411, 55.9417134], [-3.1004046, 55.9416785]], [[-3.1004046, 55.9416785], [-3.1005563, 55.9416707]], [[-3.1005563, 55.9416707], [-3.1004568, 55.9413835], [-3.1005215, 55.941378], [-3.1005543, 55.9414867]], [[-3.1005543, 55.9414867], [-3.1008216, 55.9414574]], [[-3.1008887, 55.9414287], [-3.1009345, 55.941611], [-3.1008747, 55.941616], [-3.1008216, 55.9414574]], [[-3.1021494, 55.9411367], [-3.102531, 55.9409672]], [[-3.102531, 55.9409672], [-3.102866, 55.9407971], [-3.1034258, 55.9407165], [-3.1038423, 55.9407227], [-3.1050104, 55.9407886], [-3.1055388, 55.9407487], [-3.1061793, 55.940655], [-3.1065736, 55.9406227], [-3.1070936, 55.9406075], [-3.1074709, 55.940613], [-3.1088229, 55.9406913], [-3.1091791, 55.9406886], [-3.1096779, 55.9406751], [-3.1102404, 55.9405973], [-3.1107536, 55.9404961], [-3.1109067, 55.9404492], [-3.1110994, 55.9404077], [-3.111386, 55.940372], [-3.1116523, 55.9403561], [-3.1117784, 55.9403628], [-3.1119286, 55.9403808], [-3.1122541, 55.9404333], [-3.1124615, 55.9404531], [-3.1126581, 55.9404445], [-3.1129573, 55.9404154], [-3.1133369, 55.9404116], [-3.1135787, 55.9404035], [-3.1142968, 55.940302], [-3.1144901, 55.9402509], [-3.1146378, 55.9401939], [-3.1148952, 55.9400392], [-3.1149131, 55.9399019], [-3.1150061, 55.939903], [-3.1151313, 55.9399059], [-3.1151433, 55.939852], [-3.1153239, 55.9397832], [-3.1160045, 55.93963], [-3.1161962, 55.9396088], [-3.1167381, 55.9396336], [-3.1170961, 55.9396172], [-3.1173822, 55.9395472], [-3.117586, 55.9394707], [-3.1177915, 55.9393517], [-3.1180549, 55.9391311], [-3.1182505, 55.9388921], [-3.1183819, 55.9387644], [-3.1185895, 55.9386039], [-3.1188141, 55.9384618], [-3.1190225, 55.9383666], [-3.1190647, 55.9383191], [-3.1190592, 55.9382574], [-3.1190086, 55.9382197], [-3.119038, 55.9381546], [-3.1192149, 55.9378636], [-3.1192819, 55.937779], [-3.1194254, 55.9376618], [-3.119635, 55.937541], [-3.1198612, 55.937435], [-3.1200896, 55.9373594], [-3.1203067, 55.9373036], [-3.120553, 55.9372621], [-3.1208054, 55.9372352], [-3.1212016, 55.9372237], [-3.12159, 55.9372353], [-3.1218611, 55.9372661], [-3.1221988, 55.9373132], [-3.122364, 55.9373231], [-3.1226143, 55.9373214], [-3.1228962, 55.9372861], [-3.1232032, 55.9372328], [-3.1233659, 55.9372209], [-3.1237339, 55.9372208], [-3.1239897, 55.9371972], [-3.1241568, 55.9371557], [-3.1243875, 55.937056], [-3.1247463, 55.9369769], [-3.1249615, 55.9369387], [-3.1252398, 55.9368843], [-3.1258238, 55.9367966], [-3.1265356, 55.9366678], [-3.1268175, 55.9365977], [-3.1290142, 55.9364036], [-3.131377, 55.936423], [-3.1326701, 55.9364958], [-3.1348126, 55.9364584], [-3.1390359, 55.9364579], [-3.1392302, 55.9364824], [-3.1394743, 55.9365487], [-3.1398485, 55.9366022], [-3.1405449, 55.9366518], [-3.1409915, 55.9366688], [-3.1415494, 55.9366962], [-3.141726, 55.9366889], [-3.1423923, 55.9365774], [-3.1432687, 55.9365223], [-3.1433425, 55.9364997], [-3.1434024, 55.9364315], [-3.1434588, 55.9364204]], [[-3.1441615, 55.9364604], [-3.1436823, 55.9363985], [-3.1435288, 55.9363928], [-3.1434588, 55.9364204]], [[-3.1443565, 55.9364898], [-3.1441615, 55.9364604]], [[-3.1639492, 55.9395676], [-3.1608477, 55.938824], [-3.1597137, 55.93867], [-3.1585483, 55.938575], [-3.1570851, 55.9385223], [-3.1561367, 55.9384263], [-3.1493931, 55.9373251], [-3.1443565, 55.9364898]], [[-3.1717699, 55.9415532], [-3.1719119, 55.9414493], [-3.1720933, 55.9412889], [-3.1729005, 55.9405191], [-3.1736113, 55.9398133], [-3.1746245, 55.9389671]], [[-3.1717699, 55.9415532], [-3.1713726, 55.9413974], [-3.1701281, 55.9411859], [-3.1693213, 55.9409408], [-3.1676603, 55.9401604], [-3.1672569, 55.9400109], [-3.1668091, 55.9399582], [-3.1661799, 55.9399169]], [[-3.1641411, 55.9395485], [-3.1639492, 55.9395676]], [[-3.1653766, 55.9393892], [-3.1652663, 55.939439], [-3.1641411, 55.9395485]], [[-3.1661799, 55.9399169], [-3.166179, 55.9397139], [-3.1659886, 55.9396367], [-3.1653766, 55.9393892]], [[-3.195299, 55.9401251], [-3.1968167, 55.9398252], [-3.1968875, 55.9398098], [-3.1972486, 55.9397388], [-3.1981796, 55.9395741], [-3.1988172, 55.9394609], [-3.2010615, 55.9390408], [-3.2028904, 55.9386971], [-3.203394, 55.9385843], [-3.2037623, 55.9384662]], [[-3.1915359, 55.9397585], [-3.1916262, 55.9397688], [-3.1926509, 55.9398816], [-3.1946143, 55.940162], [-3.1949019, 55.9401981], [-3.1949765, 55.9401894], [-3.195299, 55.9401251]], [[-3.1826862, 55.9399892], [-3.182926, 55.939969], [-3.1841044, 55.9398466], [-3.1855928, 55.939692], [-3.1859057, 55.9396615], [-3.1864621, 55.93962], [-3.1870999, 55.9395911], [-3.1881138, 55.9395463], [-3.1891705, 55.9394995], [-3.1894006, 55.9394994], [-3.1896027, 55.9395073], [-3.1901712, 55.9395692], [-3.1910118, 55.9396858], [-3.1915359, 55.9397585]], [[-3.1826633, 55.9398969], [-3.1826163, 55.9398021], [-3.1825742, 55.9397481], [-3.1822753, 55.9394321]], [[-3.1822753, 55.9394321], [-3.1818981, 55.9389874]], [[-3.1818981, 55.9389874], [-3.1805973, 55.9390668], [-3.1795163, 55.9391368]], [[-3.1795163, 55.9391368], [-3.1784345, 55.939248], [-3.1780985, 55.9392922], [-3.1771193, 55.9394443], [-3.1765441, 55.9395409], [-3.176274, 55.9395986], [-3.1755828, 55.939753]], [[-3.1746245, 55.9389671], [-3.1747773, 55.9390533], [-3.1748945, 55.9391266], [-3.1750141, 55.9392161], [-3.1751379, 55.9393203], [-3.1752558, 55.9394275], [-3.1753929, 55.9395599], [-3.1755828, 55.939753]], [[-3.2061442, 55.937637], [-3.2060502, 55.9375831], [-3.2060161, 55.937569], [-3.2059813, 55.9375632], [-3.2059486, 55.9375628], [-3.2059081, 55.9375683], [-3.2058703, 55.9375859], [-3.2058372, 55.9376194], [-3.2057905, 55.9376719], [-3.2037623, 55.9384662]], [[-3.2061191, 55.9377489], [-3.2061442, 55.937637]], [[-3.2093854, 55.940134], [-3.2087127, 55.939656], [-3.2086549, 55.9396139], [-3.2070807, 55.9384216], [-3.2061191, 55.9377489]], [[-3.2100605, 55.9406114], [-3.2093854, 55.940134]], [[-3.2100605, 55.9406114], [-3.2109061, 55.9411862]], [[-3.2109061, 55.9411862], [-3.2109944, 55.9412603]], [[-3.2109944, 55.9412603], [-3.2110317, 55.9412905], [-3.2110984, 55.941349], [-3.2111243, 55.9413732]], [[-3.2111393, 55.9413841], [-3.2130824, 55.9407047], [-3.2131811, 55.9406513], [-3.2132827, 55.9405983], [-3.213461, 55.9405296], [-3.2135991, 55.9405032], [-3.2137324, 55.9404681], [-3.214319, 55.9402639], [-3.2151891, 55.9399442], [-3.2152251, 55.9399284], [-3.2154843, 55.939779], [-3.2159135, 55.9396204], [-3.2161874, 55.9395259]], [[-3.2161874, 55.9395259], [-3.2171353, 55.9391967], [-3.2180817, 55.938853], [-3.2182564, 55.938787]], [[-3.2182564, 55.938787], [-3.218434, 55.9387187]], [[-3.2243242, 55.9340705], [-3.2242793, 55.9341727], [-3.2236445, 55.9347523], [-3.2235303, 55.9348707], [-3.2234321, 55.9350033], [-3.2233768, 55.9351315], [-3.2233256, 55.9352365], [-3.2232453, 55.9354981], [-3.2231504, 55.9358061], [-3.2230822, 55.9359885], [-3.222976, 55.936161], [-3.2227551, 55.9363919]], [[-3.2294347, 55.9287965], [-3.2291158, 55.929034], [-3.2287926, 55.929272], [-3.228256, 55.9296793], [-3.2279997, 55.9299191], [-3.2277601, 55.9301853], [-3.2274146, 55.930628], [-3.2272266, 55.9309081], [-3.2269104, 55.9313784], [-3.2268626, 55.9313942], [-3.226762, 55.9315084], [-3.2267702, 55.9315389], [-3.2266549, 55.9317113], [-3.2263034, 55.9322137], [-3.2260461, 55.9325124], [-3.225293, 55.933234], [-3.2250141, 55.9335133], [-3.2245145, 55.9339505], [-3.2243242, 55.9340705]], [[-3.2322304, 55.9272673], [-3.2321637, 55.9272964], [-3.2319955, 55.9273684], [-3.2315752, 55.9274981], [-3.2312863, 55.9276066], [-3.2311137, 55.9276915], [-3.2309123, 55.927775], [-3.2306298, 55.9279321], [-3.2301984, 55.9282251], [-3.2298995, 55.9284454], [-3.2296633, 55.9286223], [-3.2294347, 55.9287965]], [[-3.245813, 55.9244928], [-3.2456981, 55.9244934], [-3.2454203, 55.9244678], [-3.2452493, 55.9244405], [-3.2450954, 55.9244049], [-3.2444946, 55.9242163], [-3.2442443, 55.9241585], [-3.2439543, 55.9241274], [-3.2423366, 55.9240217], [-3.2420656, 55.9240175], [-3.2417719, 55.9240322], [-3.2413246, 55.9240946], [-3.2410378, 55.9241595], [-3.2407924, 55.9242237], [-3.240573, 55.9243173], [-3.2402234, 55.9245501], [-3.2400193, 55.9246837], [-3.2398938, 55.9247539], [-3.2397566, 55.9248095], [-3.2396428, 55.924852], [-3.2395156, 55.924892], [-3.2393057, 55.9249463], [-3.2390116, 55.9250114], [-3.2385496, 55.9251025], [-3.2380882, 55.9251767], [-3.23769, 55.9252536], [-3.2374421, 55.9253172], [-3.2369792, 55.9254573], [-3.236599, 55.9255921], [-3.2362416, 55.9257436], [-3.2358251, 55.9259206], [-3.2352987, 55.9261541], [-3.2348034, 55.92637], [-3.2343752, 55.9265422], [-3.2330571, 55.927005], [-3.2327718, 55.9271], [-3.2324449, 55.9272165], [-3.2323668, 55.9272221]], [[-3.2467149, 55.9246061], [-3.2465079, 55.9245801], [-3.245813, 55.9244928]], [[-3.2484824, 55.9240365], [-3.2484246, 55.9240692], [-3.2482485, 55.9241604], [-3.248013, 55.9242809], [-3.2477694, 55.9243909], [-3.2476038, 55.9244455], [-3.2474323, 55.9244966], [-3.2472416, 55.9245439], [-3.2468618, 55.9246113], [-3.246786, 55.9246176], [-3.2467149, 55.9246061]], [[-3.2489126, 55.9239313], [-3.2488422, 55.9239654], [-3.2488112, 55.9240219], [-3.2487643, 55.9240597], [-3.248619, 55.9240946], [-3.2484824, 55.9240365]], [[-3.2489126, 55.9239313], [-3.2492225, 55.9241194]], [[-3.2492225, 55.9241194], [-3.249428, 55.9242897], [-3.2498025, 55.9244573], [-3.2500542, 55.9245971], [-3.2506959, 55.9248319], [-3.2509983, 55.9249851], [-3.2513977, 55.9252233], [-3.2515913, 55.9253258], [-3.2517962, 55.9255136], [-3.2519152, 55.9256051], [-3.2524364, 55.9258012], [-3.2527926, 55.9258112], [-3.253652, 55.9257798], [-3.2545402, 55.9256787], [-3.2552518, 55.9255364], [-3.2557559, 55.9254499], [-3.2562981, 55.9253491], [-3.2575906, 55.9254588], [-3.2582855, 55.9256107], [-3.258481, 55.9256661], [-3.2585682, 55.9257342], [-3.2586106, 55.9258268], [-3.258595, 55.9259154], [-3.2584811, 55.9260033], [-3.2581009, 55.9260491], [-3.2577028, 55.9260847], [-3.2573392, 55.9261858], [-3.2572386, 55.9263676], [-3.2569483, 55.9267945], [-3.2566647, 55.9273928], [-3.2565042, 55.9275859], [-3.2562162, 55.9279398], [-3.2559345, 55.9280787], [-3.2555708, 55.9281356], [-3.2553096, 55.9281509]], [[-3.2553096, 55.9281509], [-3.2551936, 55.9283388]], [[-3.2551936, 55.9283388], [-3.2548845, 55.9283699], [-3.2545273, 55.928311], [-3.2542693, 55.9283102], [-3.2538001, 55.9283942], [-3.253487, 55.9285593], [-3.2533219, 55.9288326], [-3.2532707, 55.9289635], [-3.2533731, 55.9291514], [-3.2535041, 55.9295556], [-3.2536509, 55.929724], [-3.2539471, 55.9299165], [-3.2547515, 55.9304028], [-3.2548181, 55.9303825], [-3.2549272, 55.9304383]], [[-3.2549272, 55.9304383], [-3.2550555, 55.9305351], [-3.2550127, 55.9309276], [-3.2549273, 55.9310756], [-3.2545498, 55.9313247], [-3.2538001, 55.9314513], [-3.2534875, 55.9314331], [-3.2532083, 55.9314237], [-3.252992, 55.9314524], [-3.2527869, 55.9315], [-3.2526699, 55.9315444], [-3.2524645, 55.9316661], [-3.2523313, 55.9317701], [-3.2520178, 55.9320691], [-3.2518637, 55.9323317], [-3.251836, 55.9324941], [-3.2518377, 55.9326131], [-3.2519596, 55.9328206], [-3.2521416, 55.932964], [-3.2523245, 55.9330667], [-3.2523851, 55.9331019]], [[-3.2520663, 55.9335451], [-3.2508235, 55.9340678], [-3.2489438, 55.9349387], [-3.2478244, 55.9354386], [-3.2478016, 55.9354696], [-3.2472882, 55.935719]], [[-3.2521377, 55.9331885], [-3.2522216, 55.9332237], [-3.2523059, 55.9332649], [-3.2523537, 55.9333114], [-3.2523713, 55.9333566], [-3.2523599, 55.9333942], [-3.2523271, 55.9334279], [-3.2522777, 55.9334578], [-3.2520663, 55.9335451]], [[-3.2523851, 55.9331019], [-3.2522911, 55.9331405], [-3.2522123, 55.9331649], [-3.2521377, 55.9331885]], [[-3.2474146, 55.9358204], [-3.2472743, 55.9358654], [-3.247269, 55.9359295], [-3.2474369, 55.9364839], [-3.247411, 55.9367275], [-3.2474031, 55.9368272], [-3.247317, 55.9370752], [-3.2471207, 55.9373735], [-3.2465829, 55.9376419], [-3.2461248, 55.9377525], [-3.2460122, 55.9380943], [-3.2459526, 55.9383665], [-3.2459872, 55.9383998], [-3.2460018, 55.9384443], [-3.2459848, 55.9385575], [-3.245922, 55.9385991], [-3.2458074, 55.9386364], [-3.2456964, 55.9386843], [-3.2456251, 55.9388166]], [[-3.2456251, 55.9388166], [-3.2455231, 55.9389656], [-3.2454709, 55.9392356], [-3.2456985, 55.9395817]], [[-3.2460677, 55.9399996], [-3.2460158, 55.9399538], [-3.2459398, 55.9398964], [-3.2458702, 55.9398306], [-3.2456985, 55.9395817]], [[-3.2463081, 55.9400161], [-3.2461995, 55.9399675], [-3.2460677, 55.9399996]], [[-3.2466587, 55.9399301], [-3.2463081, 55.9400161]], [[-3.2509824, 55.9387925], [-3.2507797, 55.9389021], [-3.250741, 55.9389187], [-3.2507009, 55.9389296], [-3.2488531, 55.9393945], [-3.2466587, 55.9399301]], [[-3.2510784, 55.9387405], [-3.2509824, 55.9387925]], [[-3.2528619, 55.9381226], [-3.2523903, 55.9381814], [-3.251738, 55.938288], [-3.2512479, 55.9383917], [-3.2510208, 55.9384761], [-3.2509059, 55.9385216]], [[-3.2509059, 55.9385216], [-3.2507895, 55.9385678]], [[-3.2528619, 55.9381226], [-3.2533405, 55.9381155], [-3.2535625, 55.9381383], [-3.2538195, 55.9381562], [-3.2542361, 55.9382185], [-3.2545373, 55.9382722], [-3.2549079, 55.9383584], [-3.2552625, 55.9384572], [-3.2555748, 55.9385505], [-3.2556551, 55.9386015], [-3.2562521, 55.9388784], [-3.2563096, 55.9389054]], [[-3.2563096, 55.9389054], [-3.2565437, 55.9390474]], [[-3.2565437, 55.9390474], [-3.2586992, 55.940423], [-3.2590547, 55.9406398], [-3.2594247, 55.9408715], [-3.2599749, 55.9411353], [-3.2606036, 55.9413837]], [[-3.2606246, 55.9414668], [-3.2606036, 55.9413837]], [[-3.2606246, 55.9414668], [-3.2603587, 55.9416124], [-3.260229, 55.941678], [-3.2591187, 55.9422072], [-3.2589501, 55.9422684], [-3.2587521, 55.9423472], [-3.257571, 55.9427583]], [[-3.2585332, 55.9435838], [-3.2582697, 55.9433502], [-3.2580075, 55.9431329], [-3.2577135, 55.9428742], [-3.257571, 55.9427583]], [[-3.2585332, 55.9435838], [-3.2583524, 55.9436372]], [[-3.2583524, 55.9436372], [-3.2584187, 55.9436934], [-3.2584324, 55.9437323], [-3.2584538, 55.9437929], [-3.2586114, 55.9439414], [-3.258931, 55.9442647], [-3.259135, 55.9444731], [-3.2592382, 55.9445198], [-3.2593975, 55.9445526], [-3.2596564, 55.9447222], [-3.2599169, 55.9447672], [-3.2601554, 55.9448462], [-3.2602428, 55.9449229], [-3.2602756, 55.944995], [-3.2603524, 55.9450357], [-3.2605844, 55.9450428], [-3.260768, 55.9450414], [-3.2609431, 55.9450631], [-3.2611225, 55.9451525], [-3.2615647, 55.945315], [-3.2617238, 55.9453735], [-3.261899, 55.945487], [-3.2621753, 55.9456082], [-3.2624292, 55.9456921]], [[-3.2624292, 55.9456921], [-3.2625551, 55.9457095], [-3.2626903, 55.945711], [-3.2628224, 55.94577], [-3.2629809, 55.9457724], [-3.2632282, 55.9458751], [-3.2635124, 55.9459722], [-3.2637655, 55.9459909], [-3.263914, 55.9460707], [-3.2639272, 55.9462126]], [[-3.2639272, 55.9462126], [-3.2638453, 55.9462425], [-3.2637508, 55.9462663], [-3.263675, 55.9463092], [-3.2636519, 55.9463934], [-3.2636695, 55.9464966], [-3.2637131, 55.9466109], [-3.2636553, 55.9467318], [-3.2634797, 55.9468451], [-3.2634143, 55.9469387], [-3.2633653, 55.947095], [-3.2634602, 55.9472656], [-3.2635622, 55.947307], [-3.2637095, 55.947415], [-3.2638101, 55.9475146], [-3.263891, 55.9476468], [-3.2639521, 55.9477108], [-3.2639925, 55.9478307], [-3.2639244, 55.9479519], [-3.2638686, 55.9480056]], [[-3.2638522, 55.9480187], [-3.2638018, 55.9480421], [-3.2637824, 55.9481146], [-3.2638148, 55.9481772], [-3.264, 55.9482349], [-3.2642123, 55.9482519], [-3.2643023, 55.9482615], [-3.264692, 55.9482277], [-3.2647982, 55.9482419]], [[-3.2708688, 55.9491575], [-3.2709989, 55.9492023], [-3.2711156, 55.9492312], [-3.27128, 55.9492728], [-3.2714536, 55.9493131], [-3.271573, 55.9493454], [-3.2718295, 55.9493731], [-3.2719563, 55.9494036], [-3.2722165, 55.9494923], [-3.2724259, 55.9495191], [-3.2726146, 55.9495368], [-3.2727309, 55.9495644], [-3.2728177, 55.9496041]], [[-3.2705802, 55.9489983], [-3.2706301, 55.9490455], [-3.2708688, 55.9491575]], [[-3.2702684, 55.9490357], [-3.2705802, 55.9489983]], [[-3.271773, 55.9501883], [-3.2718285, 55.9501156], [-3.271921, 55.9500567], [-3.2720385, 55.9500065], [-3.2721844, 55.9500039], [-3.2723077, 55.9499636], [-3.2723985, 55.9498633], [-3.2725335, 55.949768], [-3.2727502, 55.9496762], [-3.2728124, 55.9496366], [-3.2728177, 55.9496041]], [[-3.271773, 55.9501883], [-3.2717962, 55.9502508], [-3.2718349, 55.9502898], [-3.2719277, 55.9503937], [-3.2720862, 55.9505192], [-3.272148, 55.9505993], [-3.2722531, 55.9507078], [-3.2722627, 55.9507197]], [[-3.2788146, 55.9504871], [-3.2787407, 55.9504882], [-3.2786683, 55.9504941], [-3.2786206, 55.950498], [-3.2782223, 55.9505307], [-3.2778065, 55.9505625], [-3.2770691, 55.9506109], [-3.2764597, 55.950661], [-3.2763615, 55.9506629], [-3.2761762, 55.9506664], [-3.2759503, 55.9506349], [-3.2757899, 55.9505524], [-3.2754969, 55.9503707], [-3.2753485, 55.9503187], [-3.2750159, 55.9502286], [-3.2743358, 55.9500317], [-3.2741388, 55.9499614], [-3.2739436, 55.9498925], [-3.2738232, 55.9498692], [-3.2736061, 55.9498758], [-3.2734078, 55.9498958], [-3.273107, 55.9499435], [-3.2729569, 55.9500182], [-3.2728999, 55.9501028], [-3.2728138, 55.9502503], [-3.2727402, 55.9505303], [-3.2727328, 55.9505555]], [[-3.2727328, 55.9505555], [-3.2727202, 55.9505739], [-3.2727, 55.9505837], [-3.2726797, 55.9505929], [-3.2726516, 55.9505994], [-3.2725375, 55.9506185], [-3.2723837, 55.9506587], [-3.2723005, 55.9506997], [-3.2722627, 55.9507197]], [[-3.2788146, 55.9504871], [-3.2792839, 55.9504859], [-3.2793053, 55.9505127]], [[-3.2793053, 55.9505127], [-3.2790804, 55.9515245], [-3.2788562, 55.9523654], [-3.2787483, 55.9527493], [-3.2787285, 55.9530175], [-3.2786973, 55.9531123], [-3.2786763, 55.9533416], [-3.2786673, 55.9535172], [-3.2786751, 55.9536296], [-3.2787213, 55.9540299], [-3.2787459, 55.9542377], [-3.2787773, 55.9545831], [-3.278906, 55.95503], [-3.2789538, 55.9551092], [-3.2790173, 55.9554006], [-3.2789942, 55.9555954]], [[-3.2836316, 55.960689], [-3.2833227, 55.960641], [-3.282945, 55.9605016], [-3.2826446, 55.9602854], [-3.2824773, 55.9600981], [-3.28211, 55.9597839], [-3.2820341, 55.9596298], [-3.2820438, 55.9594302], [-3.2822784, 55.9590726]], [[-3.2822784, 55.9590726], [-3.2820511, 55.959029], [-3.2817975, 55.9589461], [-3.2815234, 55.9588161], [-3.2812678, 55.9586593], [-3.2811092, 55.9584849], [-3.2809981, 55.9582628], [-3.2809483, 55.9580186], [-3.280903, 55.957787], [-3.2808871, 55.957454], [-3.2808542, 55.956985], [-3.2807705, 55.9566843], [-3.2806643, 55.9565456]], [[-3.2806643, 55.9565456], [-3.2795108, 55.9567246]], [[-3.2789942, 55.9555954], [-3.2790778, 55.9557457], [-3.2793416, 55.9562137], [-3.2794614, 55.9565053], [-3.2795108, 55.9567246]], [[-3.284039, 55.961014], [-3.2838376, 55.9609965], [-3.2836831, 55.9609677], [-3.2835716, 55.9608716], [-3.2835716, 55.9607947], [-3.2836316, 55.960689]], [[-3.2842233, 55.9617288], [-3.2840893, 55.9612685], [-3.284039, 55.961014]], [[-3.2842233, 55.9617288], [-3.2838191, 55.9618343], [-3.2830706, 55.9619094], [-3.2829649, 55.9619181], [-3.2830212, 55.962012], [-3.283058, 55.9620887], [-3.2831407, 55.9620765], [-3.2831536, 55.9621801], [-3.2828317, 55.9622522]], [[-3.2828317, 55.9622522], [-3.2823768, 55.9626353], [-3.2817408, 55.9628425], [-3.2815523, 55.96294], [-3.2814584, 55.9629908]], [[-3.2802522, 55.9636959], [-3.2814584, 55.9629908]], [[-3.2802522, 55.9636959], [-3.2802423, 55.9641129], [-3.2803207, 55.964422], [-3.2796599, 55.9645147]], [[-3.2796599, 55.9645147], [-3.2796342, 55.9646095], [-3.2796514, 55.9646415]], [[-3.2812963, 55.9661842], [-3.2812357, 55.9661006], [-3.2807594, 55.9656942], [-3.2806834, 55.9656294], [-3.2806228, 55.9655723], [-3.2805389, 55.965493], [-3.2803607, 55.9653258], [-3.2797493, 55.9646956], [-3.2796514, 55.9646415]], [[-3.2814433, 55.9662274], [-3.2813719, 55.9661962], [-3.2812963, 55.9661842]], [[-3.2937703, 55.9665164], [-3.2934792, 55.9662133], [-3.2933665, 55.9661206], [-3.2932495, 55.9660429], [-3.2931057, 55.9659594], [-3.2929596, 55.965916], [-3.2927785, 55.9658797], [-3.2925723, 55.9658425], [-3.2923233, 55.9658119], [-3.2920428, 55.9657879], [-3.2917528, 55.9657689], [-3.291418, 55.9657581], [-3.2909812, 55.965768], [-3.2905505, 55.9657967], [-3.2902113, 55.9658247], [-3.2898079, 55.9658671], [-3.2893472, 55.9659443], [-3.289011, 55.9660098], [-3.2883462, 55.9661633], [-3.2876116, 55.9663737], [-3.2867574, 55.9666733], [-3.2852608, 55.9671995], [-3.2848903, 55.9672776], [-3.2845503, 55.967318], [-3.2842773, 55.9673266], [-3.284, 55.9673176], [-3.2838025, 55.9672992], [-3.2835134, 55.9672552], [-3.2832422, 55.9671884], [-3.2829536, 55.9670975], [-3.2826733, 55.9669618], [-3.2819869, 55.966565], [-3.2814433, 55.9662274]], [[-3.2982292, 55.9682418], [-3.2976469, 55.9681526], [-3.2970879, 55.9680407], [-3.2967462, 55.9679635], [-3.2959254, 55.9677638], [-3.295693, 55.9676926], [-3.2954146, 55.9675816], [-3.2952976, 55.9675126], [-3.2950876, 55.9674046], [-3.2949225, 55.9673326], [-3.2947515, 55.9672305], [-3.2945895, 55.9671495], [-3.2943194, 55.9670025], [-3.2941544, 55.9668975], [-3.2939593, 55.9667114], [-3.2937703, 55.9665164]], [[-3.2999309, 55.9684135], [-3.299802, 55.9684277], [-3.2995911, 55.9684099], [-3.2982292, 55.9682418]], [[-3.3073296, 55.9662814], [-3.3070667, 55.9663461], [-3.3068869, 55.9663904], [-3.3060964, 55.9665767], [-3.3059575, 55.9666095], [-3.305261, 55.9667738], [-3.3047268, 55.9669101], [-3.3042851, 55.9670642], [-3.3038319, 55.967258], [-3.3033882, 55.9674844], [-3.3028914, 55.9677082], [-3.3021467, 55.967968], [-3.3016386, 55.9681083], [-3.301153, 55.9682231], [-3.300555, 55.9683309], [-3.2999309, 55.9684135]], [[-3.3081494, 55.9660341], [-3.3078128, 55.9661128]], [[-3.3078128, 55.9661128], [-3.3073296, 55.9662814]], [[-3.315048, 55.9654485], [-3.3149493, 55.9654863], [-3.3148018, 55.9655237], [-3.3145998, 55.9655716], [-3.3143209, 55.9656107], [-3.3139604, 55.9656373], [-3.3136796, 55.9656342], [-3.3132129, 55.9655788], [-3.3126289, 55.9654763], [-3.312511, 55.9654686], [-3.3123618, 55.9654807], [-3.3116422, 55.9656023], [-3.3110185, 55.9656978], [-3.3106289, 55.9657382], [-3.3101425, 55.9657396], [-3.3098394, 55.9657658], [-3.309523, 55.9658052], [-3.3092729, 55.9658539], [-3.3085793, 55.9659687], [-3.3081494, 55.9660341]], [[-3.3152441, 55.9652314], [-3.3151301, 55.9653848], [-3.315048, 55.9654485]], [[-3.3155517, 55.9651047], [-3.3154148, 55.9650983], [-3.3153383, 55.9651078], [-3.3152874, 55.965133], [-3.3152557, 55.9651693], [-3.3152441, 55.9652314]], [[-3.3166484, 55.9652426], [-3.3155517, 55.9651047]], [[-3.3173322, 55.9654694], [-3.3171341, 55.9653614], [-3.3169031, 55.9652924], [-3.3167509, 55.9652626], [-3.3166484, 55.9652426]], [[-3.318523, 55.9661387], [-3.3184576, 55.9661369], [-3.3183919, 55.9661209], [-3.3183336, 55.9660943], [-3.3177151, 55.9656914], [-3.3173322, 55.9654694]], [[-3.3135364, 55.9714681], [-3.3139762, 55.9709701], [-3.3140207, 55.9708631], [-3.3140411, 55.970692], [-3.3140899, 55.9705596], [-3.3142144, 55.9704658], [-3.3151044, 55.9698472], [-3.3153179, 55.9696728], [-3.3155196, 55.9694683], [-3.3161603, 55.968802], [-3.3165208, 55.9684484], [-3.3183272, 55.9666824], [-3.3183485, 55.9666616], [-3.318366, 55.9666436], [-3.3185743, 55.9664287], [-3.318576, 55.9663086], [-3.318523, 55.9661387]], [[-3.312707, 55.9747196], [-3.3145135, 55.9729032], [-3.3145958, 55.9728058], [-3.3146572, 55.9726794], [-3.3146755, 55.9725916], [-3.3146497, 55.9724823], [-3.3145955, 55.9723992], [-3.3145115, 55.9723204], [-3.3144035, 55.9722575], [-3.3141329, 55.9721545], [-3.3140075, 55.9720526], [-3.3139563, 55.9719738], [-3.3138682, 55.9718364], [-3.3138078, 55.9717766], [-3.3137154, 55.9717223], [-3.3136246, 55.971681], [-3.3135629, 55.9716558], [-3.3135199, 55.9716225], [-3.313507, 55.9715901], [-3.313513, 55.9715444], [-3.3135364, 55.9714681]], [[-3.3083042, 55.9790625], [-3.3089318, 55.9784031], [-3.3098915, 55.9774441], [-3.3116762, 55.9756998], [-3.312707, 55.9747196]], [[-3.3058235, 55.9809086], [-3.3063381, 55.9804127], [-3.3065473, 55.9802416], [-3.30683, 55.9800207], [-3.3070827, 55.979851], [-3.3073171, 55.9796991], [-3.307566, 55.979561], [-3.307952, 55.9793208], [-3.3083042, 55.9790625]], [[-3.3058235, 55.9809086], [-3.3051631, 55.9815471], [-3.3055922, 55.9817104], [-3.3059785, 55.9818448], [-3.3070514, 55.9821858], [-3.3078067, 55.9824018], [-3.3083989, 55.9826275], [-3.3089826, 55.982762], [-3.3093516, 55.9827764], [-3.3097121, 55.9826948], [-3.3102099, 55.9827668], [-3.3105704, 55.9827956], [-3.310888, 55.98281], [-3.3111712, 55.9827284], [-3.3119952, 55.9827092], [-3.3127677, 55.9828628], [-3.3133771, 55.9831317], [-3.3141496, 55.983415], [-3.3146388, 55.9835927], [-3.3150336, 55.9836599], [-3.3155486, 55.9836215], [-3.315746, 55.9834582], [-3.3160207, 55.9832421], [-3.316364, 55.9831221], [-3.3167588, 55.9830021], [-3.3169991, 55.9829108], [-3.317291, 55.982786], [-3.317454, 55.9826659], [-3.3179175, 55.9825651], [-3.3183724, 55.9826803], [-3.3192565, 55.9829781], [-3.3198515, 55.9831272], [-3.3202607, 55.9831618], [-3.3207581, 55.9833047], [-3.3212837, 55.9834625]], [[-3.3266772, 55.9852158], [-3.3265119, 55.9851626], [-3.3263309, 55.9851083], [-3.3261736, 55.9850577], [-3.3260162, 55.9850179], [-3.325888, 55.9849974], [-3.3233773, 55.9843312], [-3.3225129, 55.9840996], [-3.3219943, 55.9838934], [-3.3216349, 55.9836262], [-3.3212837, 55.9834625]], [[-3.3281683, 55.9870621], [-3.327881, 55.9869557], [-3.327729, 55.986899], [-3.3275921, 55.986858], [-3.3274305, 55.9867989], [-3.327313, 55.9867597], [-3.3272074, 55.986697], [-3.3270792, 55.9866036], [-3.326924, 55.9864758], [-3.3268507, 55.9864125], [-3.3268065, 55.9863341], [-3.326813, 55.9863076], [-3.3268388, 55.9862491], [-3.3268927, 55.9861539], [-3.3269412, 55.9860803], [-3.3269843, 55.9860321], [-3.3269854, 55.9860231], [-3.3269779, 55.9860104], [-3.3268011, 55.9858199], [-3.3267559, 55.9857614], [-3.3266977, 55.9856704], [-3.3266847, 55.985621], [-3.3266718, 55.9855613], [-3.3266804, 55.9855076], [-3.3266955, 55.9854353], [-3.3267408, 55.9853756], [-3.3267623, 55.985337], [-3.3267731, 55.9852864], [-3.3267645, 55.9852653], [-3.3267472, 55.9852466], [-3.3266772, 55.9852158]], [[-3.3335403, 55.9896176], [-3.3326725, 55.9897581], [-3.332503, 55.9895982], [-3.3320612, 55.9893923], [-3.3312745, 55.9888295], [-3.3310146, 55.9886228], [-3.3308024, 55.9884047], [-3.3303115, 55.9881286], [-3.3300944, 55.9878442], [-3.3293518, 55.9875544], [-3.3281683, 55.9870621]], [[-3.3335403, 55.9896176], [-3.3344738, 55.990953], [-3.3353596, 55.9917189], [-3.3359314, 55.9920078], [-3.3367576, 55.9924002], [-3.3382418, 55.9929452], [-3.3390036, 55.9932003]], [[-3.3801055, 55.9909886], [-3.3798433, 55.9909871], [-3.3795405, 55.9910366], [-3.3792815, 55.9911284], [-3.378956, 55.9912017], [-3.3784002, 55.9912379], [-3.3777461, 55.9912259], [-3.3768026, 55.9913716], [-3.3762446, 55.9915862], [-3.375996, 55.9916973], [-3.37572, 55.9918512], [-3.3743793, 55.9926268], [-3.3734614, 55.9932044], [-3.3732842, 55.9933159], [-3.3726997, 55.9936358], [-3.3724096, 55.9937324], [-3.3718188, 55.9938477], [-3.3707961, 55.9941494], [-3.3697037, 55.9944483], [-3.3690636, 55.9945101], [-3.3686728, 55.9946886], [-3.3679993, 55.995139], [-3.3668492, 55.996387], [-3.3666346, 55.9968574], [-3.3663943, 55.9972798], [-3.3659651, 55.9977406], [-3.3657195, 55.9979734], [-3.3654267, 55.9981676], [-3.3650817, 55.9983762], [-3.3646433, 55.998595], [-3.3646057, 55.9986085], [-3.3643411, 55.9987037], [-3.3641627, 55.9987678], [-3.3628924, 55.9989645], [-3.361041, 55.9992597], [-3.359708, 55.9994061], [-3.3586952, 55.9994541], [-3.3572605, 55.9994138], [-3.3566096, 55.9993867], [-3.3559533, 55.9995667], [-3.3558365, 55.9995988], [-3.3549874, 55.9996557], [-3.3538458, 55.9997181], [-3.3532192, 55.9997901], [-3.3523781, 55.9999869], [-3.3520384, 56.0000446], [-3.3517581, 56.0002874], [-3.3514431, 56.0006273], [-3.3512085, 56.0006723], [-3.3506968, 56.0004747], [-3.3502034, 56.0001479], [-3.3498681, 55.9996346], [-3.3496453, 55.9994371], [-3.3494337, 55.9992606], [-3.3487389, 55.9989597], [-3.3477947, 55.998451], [-3.3475795, 55.9982828], [-3.3468035, 55.9979047], [-3.346331, 55.9975515], [-3.3460723, 55.997447], [-3.3454405, 55.9972132], [-3.344769, 55.9969894], [-3.3441323, 55.9968103], [-3.3426748, 55.9963676], [-3.3419584, 55.9961239], [-3.3415505, 55.99591], [-3.3412372, 55.9955219], [-3.3409685, 55.9951091], [-3.3406651, 55.9947808], [-3.3403119, 55.9944126], [-3.3398841, 55.9939699], [-3.3395707, 55.9936217], [-3.3392896, 55.9933915], [-3.3390036, 55.9932003]], [[-3.3841749, 55.9905714], [-3.3839821, 55.9906466], [-3.3837968, 55.9906611], [-3.3836893, 55.9906596], [-3.3834617, 55.9906123], [-3.3831261, 55.9905443], [-3.3827514, 55.9905095], [-3.3824036, 55.9905152], [-3.3821768, 55.9905395], [-3.3819181, 55.990569], [-3.3815753, 55.9906175], [-3.3813476, 55.9907081], [-3.3810609, 55.9907555], [-3.3807951, 55.9909099], [-3.3805713, 55.9909801], [-3.3803446, 55.9910188], [-3.3801055, 55.9909886]], [[-3.3890439, 55.9896907], [-3.3888641, 55.9897092], [-3.3886751, 55.9897359], [-3.3882474, 55.9898109], [-3.3876426, 55.989925], [-3.3871489, 55.9900224], [-3.3864002, 55.9901881], [-3.3857618, 55.9903379], [-3.3854071, 55.9904138], [-3.3850576, 55.990484], [-3.3847394, 55.990541], [-3.3845315, 55.990566], [-3.3843385, 55.9905765], [-3.3841749, 55.9905714]], [[-3.3902687, 55.9896228], [-3.38952, 55.9896573], [-3.3890439, 55.9896907]], [[-3.3920155, 55.9897632], [-3.3916717, 55.9896864], [-3.3914283, 55.9896447], [-3.3911024, 55.9896241], [-3.390819, 55.9896118], [-3.3905563, 55.9896115], [-3.3902687, 55.9896228]], [[-3.3932021, 55.9897185], [-3.3929073, 55.9897694], [-3.3926798, 55.9898149], [-3.3925947, 55.9898398], [-3.3924899, 55.9898527], [-3.3923936, 55.9898458], [-3.3922166, 55.9898047], [-3.3920155, 55.9897632]], [[-3.3975854, 55.9905391], [-3.3974585, 55.9905317], [-3.397397, 55.9905314], [-3.397341, 55.9905222], [-3.3971, 55.9904351], [-3.396719, 55.9902997], [-3.3964007, 55.9901899], [-3.3959196, 55.9900315], [-3.3956371, 55.9899458], [-3.3954671, 55.9899017], [-3.3952578, 55.9898564], [-3.3951968, 55.9898434], [-3.3949609, 55.9898012], [-3.3948435, 55.9897847], [-3.3946329, 55.9897621], [-3.3942711, 55.9897232], [-3.3939163, 55.989675], [-3.3937824, 55.9896652], [-3.3936596, 55.9896693], [-3.3935597, 55.9896735], [-3.3934231, 55.9896857], [-3.3932021, 55.9897185]], [[-3.4044045, 55.9900959], [-3.4034109, 55.9902214], [-3.4023151, 55.9903048], [-3.4020631, 55.9903279], [-3.4009215, 55.9904713], [-3.4007531, 55.9905026], [-3.4006258, 55.9905298], [-3.4005582, 55.9905477], [-3.4004851, 55.9905744], [-3.3999119, 55.9908695], [-3.3998646, 55.99089], [-3.3997992, 55.9908956], [-3.3995252, 55.9908854], [-3.3993608, 55.9908738], [-3.3990043, 55.9908341], [-3.3986244, 55.9907818], [-3.3977301, 55.9906465], [-3.3976569, 55.9906281], [-3.3976113, 55.9906038], [-3.3975885, 55.990578], [-3.3975854, 55.9905391]], [[-3.4050932, 55.9902694], [-3.4052333, 55.9903111], [-3.4058811, 55.9905271], [-3.4068709, 55.9907277], [-3.4078259, 55.9908832], [-3.4079079, 55.9908966], [-3.4091368, 55.9910221], [-3.4100512, 55.9910435], [-3.4102826, 55.9910515]], [[-3.4044045, 55.9900959], [-3.4050932, 55.9902694]], [[-3.4102826, 55.9910515], [-3.4113488, 55.9910267], [-3.4123218, 55.9910083], [-3.4129265, 55.9910493], [-3.4138529, 55.9912123], [-3.4140605, 55.9912807], [-3.4147655, 55.991513], [-3.4155046, 55.9918244], [-3.4164112, 55.9921044]], [[-3.4164112, 55.9921044], [-3.4166576, 55.9921806], [-3.4203672, 55.993156], [-3.4209481, 55.9932199], [-3.4218955, 55.9933257], [-3.422285, 55.9933677], [-3.4225463, 55.99341]], [[-3.4225463, 55.99341], [-3.4229248, 55.9935457], [-3.4230995, 55.9935811], [-3.4233734, 55.9936112]], [[-3.4233734, 55.9936112], [-3.4248674, 55.9937617], [-3.4257663, 55.993812], [-3.4267894, 55.9937979], [-3.4284037, 55.9936662], [-3.429329, 55.993514], [-3.4297615, 55.9934566], [-3.4302184, 55.9934233], [-3.4328122, 55.9932606], [-3.4331969, 55.9932448], [-3.4340022, 55.9932652], [-3.4345306, 55.993305], [-3.4349787, 55.993394], [-3.4358439, 55.9936197], [-3.4365403, 55.9937622], [-3.4381826, 55.9938693], [-3.4386171, 55.9938793], [-3.4391449, 55.9939327], [-3.4405787, 55.9941404], [-3.441172, 55.9942228]], [[-3.441172, 55.9942228], [-3.443294, 55.9945522], [-3.4484805, 55.994919], [-3.4493381, 55.9949732], [-3.4505181, 55.9951432], [-3.4518339, 55.9954685], [-3.4519122, 55.9953697], [-3.4516276, 55.9936519], [-3.4521403, 55.9932481], [-3.4525132, 55.9931735], [-3.4534017, 55.9931217], [-3.4537433, 55.9931001]], [[-3.4537433, 55.9931001], [-3.4545225, 55.9930102], [-3.4557506, 55.992939], [-3.456423, 55.9929389], [-3.4576645, 55.9929783], [-3.4584415, 55.9929124], [-3.4589548, 55.9928499], [-3.4594839, 55.9927479]], [[-3.4594839, 55.9927479], [-3.4595031, 55.9927266], [-3.4595454, 55.9927045], [-3.4595929, 55.9926917], [-3.4596666, 55.9926827], [-3.4598147, 55.9926797], [-3.460446, 55.9927498], [-3.4608452, 55.9927635], [-3.4668922, 55.9922204], [-3.4689995, 55.9920149]], [[-3.4689995, 55.9920149], [-3.4691595, 55.99218], [-3.4692906, 55.9922786], [-3.4694463, 55.9925123], [-3.4695159, 55.9927849], [-3.4695815, 55.9930278], [-3.4696265, 55.993273], [-3.4696224, 55.9937083], [-3.4696185, 55.9937676], [-3.4696142, 55.993832], [-3.4695651, 55.9940291], [-3.4694053, 55.994343], [-3.4693893, 55.9944692], [-3.4697448, 55.9950091]], [[-3.4697448, 55.9950091], [-3.4696573, 55.9950706], [-3.4695471, 55.995122], [-3.4690698, 55.9952349], [-3.4684516, 55.9954471], [-3.4680385, 55.9956576], [-3.4679283, 55.9957911], [-3.4679345, 55.995928], [-3.4680354, 55.996053], [-3.4681854, 55.9961112], [-3.4683323, 55.9961231], [-3.4685312, 55.9961129], [-3.4687301, 55.9961214], [-3.4689229, 55.996183], [-3.4691952, 55.9962549], [-3.4694401, 55.9962941], [-3.4695526, 55.9963316], [-3.4697301, 55.9963946], [-3.4699508, 55.9965083], [-3.4700893, 55.996593], [-3.4702905, 55.9967056], [-3.4704571, 55.9967528], [-3.470838, 55.9968399], [-3.4710349, 55.9968835], [-3.4712729, 55.9969258], [-3.4714092, 55.9969355], [-3.4715758, 55.996927], [-3.4717108, 55.9969105], [-3.4721943, 55.9968318], [-3.4725951, 55.9968061], [-3.4730389, 55.9968095], [-3.4733755, 55.9968746], [-3.4736536, 55.9969384], [-3.4742231, 55.9970508], [-3.47452, 55.9971022], [-3.4748728, 55.9971017], [-3.4750664, 55.9971019]], [[-3.4750664, 55.9971019], [-3.4754466, 55.9971734], [-3.4756033, 55.9973042], [-3.4756566, 55.997477], [-3.4757679, 55.9975886], [-3.4760533, 55.9976765], [-3.4762684, 55.9977621], [-3.4764723, 55.9977951], [-3.476615, 55.9978227], [-3.4766909, 55.9978314]], [[-3.4767912, 55.997675], [-3.4770207, 55.9973066], [-3.4790813, 55.9975154], [-3.480299, 55.9974858], [-3.4816731, 55.9974335], [-3.4830028, 55.9974844], [-3.4832214, 55.9975014], [-3.4834669, 55.9974995], [-3.4838583, 55.9975271], [-3.4840817, 55.9975223], [-3.4843636, 55.9975487], [-3.4847078, 55.9975521], [-3.4851483, 55.9975672], [-3.4857166, 55.997586], [-3.4859218, 55.9975841], [-3.4863375, 55.9976039], [-3.4874299, 55.9976196], [-3.4876743, 55.9976009], [-3.4878636, 55.9975929], [-3.4880527, 55.9975872], [-3.4882869, 55.9975778], [-3.4885342, 55.9975769], [-3.4887694, 55.9975694], [-3.4889959, 55.9975577], [-3.4895072, 55.9975909], [-3.4901255, 55.9976308], [-3.4902444, 55.9976401], [-3.4903585, 55.9976414], [-3.4906196, 55.9976646], [-3.4914381, 55.9977478], [-3.4915736, 55.9977611], [-3.4917615, 55.9977651], [-3.4927388, 55.9977811], [-3.4936272, 55.9977949], [-3.4945053, 55.9977992], [-3.4946245, 55.9977997], [-3.4952856, 55.9977412], [-3.4954068, 55.9977359], [-3.4957207, 55.9977412], [-3.4959466, 55.9977399], [-3.4960275, 55.9977478], [-3.4962077, 55.9978009], [-3.49627, 55.997805], [-3.4967195, 55.9977904], [-3.4969311, 55.9977837], [-3.4971142, 55.9977957], [-3.4974352, 55.9977984], [-3.4977372, 55.9977904], [-3.4982794, 55.9977531], [-3.4985077, 55.9977518], [-3.4990334, 55.9977793], [-3.4992329, 55.9977917], [-3.4994279, 55.9977944], [-3.4997656, 55.9977824], [-3.4999439, 55.9977837], [-3.5002176, 55.997761], [-3.5004909, 55.9977372], [-3.5007096, 55.9977106], [-3.5008143, 55.9977079], [-3.500907, 55.9977212], [-3.50119, 55.9977797], [-3.5015752, 55.9978555], [-3.5017916, 55.9978808], [-3.5018789, 55.9978747], [-3.5019792, 55.9978701], [-3.5025525, 55.997801], [-3.5028902, 55.9977478], [-3.5029853, 55.9977239], [-3.5031423, 55.9976601], [-3.5033277, 55.9975683], [-3.5035608, 55.9975005], [-3.5038366, 55.997434], [-3.5039103, 55.9974313], [-3.5041223, 55.9974652], [-3.5043289, 55.9975045], [-3.5044216, 55.9975218], [-3.5045643, 55.997567], [-3.5050185, 55.9977292], [-3.5051112, 55.9977505], [-3.5052111, 55.9977545], [-3.5055606, 55.9977558], [-3.5058225, 55.997736], [-3.5060049, 55.997724], [-3.5061702, 55.9977576], [-3.506595, 55.9978602], [-3.5067332, 55.9978513], [-3.5072371, 55.997809], [-3.5073583, 55.9978024], [-3.5074891, 55.9978077], [-3.5076318, 55.9978356], [-3.5077673, 55.9978609], [-3.5083927, 55.9979407], [-3.509287, 55.99804], [-3.5096888, 55.9980877]], [[-3.5096888, 55.9980877], [-3.5098658, 55.9981014], [-3.5100109, 55.998127], [-3.5101069, 55.9982139], [-3.5101643, 55.9983609], [-3.5102933, 55.9984864], [-3.5107673, 55.9986078], [-3.5110556, 55.9986999], [-3.5123222, 55.9990463], [-3.5133484, 55.9994152], [-3.5135949, 55.9994408], [-3.5143324, 55.9997126], [-3.5143258, 55.9998146], [-3.5152289, 56.0003032], [-3.5154822, 56.0003805], [-3.5156261, 56.0005002], [-3.5159351, 56.0005605], [-3.5160722, 56.0007019], [-3.5165641, 56.0008996], [-3.516725, 56.0009665], [-3.516815, 56.0010642], [-3.5168095, 56.0010879], [-3.5167934, 56.0011255], [-3.5167845, 56.0011481], [-3.5167892, 56.0011634], [-3.5168273, 56.0011863], [-3.5168707, 56.0012062], [-3.5169438, 56.0012132], [-3.5169985, 56.0012136], [-3.5170279, 56.0012181], [-3.5170757, 56.0012414]], [[-3.516531, 56.0046548], [-3.5165036, 56.0045511], [-3.516568, 56.0042931], [-3.5166163, 56.0040832], [-3.5166411, 56.0040124], [-3.5165982, 56.0039494], [-3.5165557, 56.0037339], [-3.5165479, 56.0036915], [-3.5165316, 56.0036034], [-3.5164674, 56.0033975], [-3.5163412, 56.003146], [-3.5161776, 56.0028806], [-3.5160382, 56.0024916], [-3.5161185, 56.0022927], [-3.5162339, 56.0021442], [-3.5163735, 56.0020462], [-3.5165586, 56.0019097], [-3.5166658, 56.0018077], [-3.5166846, 56.0017897], [-3.5167703, 56.0016657], [-3.5169018, 56.0015023], [-3.5170655, 56.0013997], [-3.5171031, 56.0013443], [-3.5171086, 56.001284]], [[-3.5165693, 56.0051596], [-3.516642, 56.005175], [-3.5170598, 56.0052633]], [[-3.5170598, 56.0052633], [-3.5171195, 56.0053072], [-3.5171503, 56.0053298]], [[-3.5210207, 56.0040038], [-3.5208511, 56.0040519], [-3.5200814, 56.0041272], [-3.5194521, 56.0042417], [-3.5190277, 56.0043285], [-3.5188404, 56.004425], [-3.5187031, 56.0045544], [-3.5180851, 56.0048196], [-3.517787, 56.0049692], [-3.5176378, 56.0050837], [-3.5171503, 56.0053298]], [[-3.5221903, 56.0037651], [-3.5217145, 56.0038981], [-3.5210207, 56.0040038]], [[-3.5229346, 56.0037885], [-3.5224807, 56.0037243], [-3.5221903, 56.0037651]], [[-3.5255046, 56.0040606], [-3.5252008, 56.0039707], [-3.5241695, 56.0038017], [-3.5229346, 56.0037885]], [[-3.5255046, 56.0040606], [-3.5259729, 56.0041973], [-3.5269063, 56.0045332], [-3.5274334, 56.0047123], [-3.5277392, 56.0048592], [-3.5282112, 56.0051082], [-3.528914, 56.0055761], [-3.5292412, 56.00581], [-3.5295255, 56.005993], [-3.5297454, 56.0061549], [-3.5300767, 56.0063298], [-3.5307687, 56.0065637], [-3.5313159, 56.0067287], [-3.5315693, 56.0067068], [-3.532319, 56.0067632], [-3.5332042, 56.0068397], [-3.5336816, 56.0068727], [-3.534159, 56.0069386], [-3.5346686, 56.0070061], [-3.5348913, 56.0070106], [-3.5349798, 56.0070151], [-3.535189, 56.0070586], [-3.5361814, 56.007246], [-3.5365945, 56.0073525], [-3.5371148, 56.0074784], [-3.5374487, 56.0075286], [-3.53789, 56.0075924], [-3.5381555, 56.0076374], [-3.5388234, 56.0077438], [-3.5392364, 56.0078173], [-3.539561, 56.0079298], [-3.5398989, 56.0080468], [-3.5402315, 56.0081802], [-3.5404273, 56.0082792], [-3.5405588, 56.0083167], [-3.5407331, 56.0083572], [-3.5409316, 56.0083827], [-3.5411167, 56.0084066], [-3.5414305, 56.0084246], [-3.5416692, 56.0084201], [-3.5419803, 56.0083932], [-3.5421279, 56.0083782], [-3.5425061, 56.0083332], [-3.5427367, 56.0083122], [-3.5430613, 56.0083047], [-3.5434502, 56.0083212], [-3.5436299, 56.0083407], [-3.5438203, 56.0083692], [-3.5443031, 56.0084831], [-3.5448476, 56.0085941], [-3.5449361, 56.0086016], [-3.5450702, 56.0086001], [-3.5457864, 56.0085851], [-3.5459232, 56.0085956], [-3.5460653, 56.0086226], [-3.5464248, 56.0087096], [-3.5465248, 56.0087171], [-3.546667, 56.0087516], [-3.5467883, 56.0087679], [-3.5469558, 56.0087495], [-3.547093, 56.0087736], [-3.5471014, 56.0088149], [-3.5471111, 56.0088405], [-3.5473179, 56.0089085], [-3.5475754, 56.008966], [-3.5476794, 56.0090107], [-3.5477714, 56.009005], [-3.5480575, 56.0091244], [-3.5481225, 56.0091454], [-3.5482238, 56.0091375], [-3.5483356, 56.0091764], [-3.548426, 56.009218], [-3.5488978, 56.0094428], [-3.5492706, 56.0095583], [-3.550035, 56.0097427], [-3.5504025, 56.0098177], [-3.5516765, 56.0101146], [-3.5527833, 56.0103835]], [[-3.552818, 56.0103917], [-3.55331, 56.010515], [-3.5540852, 56.0106529], [-3.5544647, 56.0107001], [-3.5548603, 56.0107369], [-3.5552734, 56.0107549], [-3.5555979, 56.0107174], [-3.5559465, 56.0106947], [-3.5560936, 56.0106852], [-3.5562387, 56.0106757], [-3.5565327, 56.0106566], [-3.5570825, 56.0106956], [-3.5573749, 56.0107271], [-3.558083, 56.010742], [-3.5583995, 56.0107435], [-3.5589386, 56.0108335], [-3.5592551, 56.0109175], [-3.5597728, 56.0110284], [-3.5603763, 56.0111514], [-3.560792, 56.0111739], [-3.5614089, 56.0111724], [-3.5617375, 56.0112002], [-3.5618931, 56.0111987], [-3.5620768, 56.0111514], [-3.5622994, 56.0111514], [-3.5626052, 56.0111574], [-3.5632945, 56.0111349], [-3.5638041, 56.0111484], [-3.5639791, 56.0111638], [-3.5639584, 56.0113351], [-3.5640308, 56.0114896], [-3.5643312, 56.011704], [-3.5646423, 56.0117925], [-3.565337, 56.0120204], [-3.5656669, 56.0120879], [-3.5659273, 56.0121679], [-3.5661256, 56.0122288], [-3.5667559, 56.0124672], [-3.5668952, 56.0125591]], [[-3.5707457, 56.0158264], [-3.5705901, 56.0158294], [-3.5706009, 56.0162072], [-3.5705579, 56.0162641], [-3.5693013, 56.0158331], [-3.5692209, 56.0157342], [-3.5690063, 56.0150835], [-3.5687702, 56.0147296], [-3.5687381, 56.0146067], [-3.5687595, 56.0144898], [-3.568722, 56.0144148], [-3.5685181, 56.0143308], [-3.568443, 56.0142499], [-3.5682767, 56.0141869], [-3.5682392, 56.0140879], [-3.568207, 56.013977], [-3.5680729, 56.0137611], [-3.5678733, 56.0135339], [-3.5676615, 56.0133753], [-3.5668944, 56.0128171], [-3.566846, 56.01274], [-3.5668404, 56.0126484], [-3.5668952, 56.0125591]], [[-3.5721623, 56.0158138], [-3.571758, 56.0158655], [-3.5707457, 56.0158264]], [[-3.5851978, 56.0179396], [-3.5849483, 56.0179824], [-3.5846024, 56.0180073], [-3.5842416, 56.0180377], [-3.5839649, 56.0180791], [-3.583708, 56.0181592], [-3.5833719, 56.0182697], [-3.5831199, 56.0183857], [-3.5827938, 56.01851], [-3.5824281, 56.0186066], [-3.582181, 56.0186425], [-3.5819389, 56.0186481], [-3.5816226, 56.0186122], [-3.5809753, 56.0185376], [-3.5805454, 56.0184906], [-3.5802736, 56.0184658], [-3.5796065, 56.0183857], [-3.5793792, 56.0183553], [-3.5792853, 56.0183277], [-3.5791173, 56.0182614], [-3.5789739, 56.0181675], [-3.5788744, 56.0181], [-3.5787881, 56.0180678], [-3.5786809, 56.0180448], [-3.5785469, 56.0180165], [-3.5782258, 56.0179501], [-3.5779351, 56.017888], [-3.5777252, 56.0178385], [-3.5772356, 56.0177269], [-3.5768816, 56.017651], [-3.576138, 56.0174871], [-3.5758805, 56.0174312], [-3.575616, 56.0173932], [-3.5754193, 56.0173772], [-3.5751785, 56.0173512], [-3.5750541, 56.0173205], [-3.5746517, 56.0172081], [-3.5743151, 56.0171099], [-3.574092, 56.0170343], [-3.5738981, 56.0169893], [-3.5735725, 56.01693], [-3.5732579, 56.0168911], [-3.5729652, 56.016838], [-3.5727494, 56.0167603], [-3.5725198, 56.0166891], [-3.5722279, 56.0166138], [-3.5721044, 56.0165657], [-3.5720905, 56.0165406], [-3.5720512, 56.0163868], [-3.5720047, 56.0162677]], [[-3.5721623, 56.0158138], [-3.5720047, 56.0162677]], [[-3.6113745, 56.0178122], [-3.6112109, 56.0179741], [-3.6107871, 56.0183924], [-3.6103687, 56.0188092], [-3.6096659, 56.0194958], [-3.6094165, 56.0197086], [-3.6092636, 56.0197821], [-3.6091402, 56.0198181], [-3.608982, 56.0198331], [-3.6087728, 56.0198256], [-3.6086521, 56.0198136], [-3.6081487, 56.0197211], [-3.6080888, 56.0197101], [-3.6068147, 56.0193968], [-3.6063722, 56.0193099], [-3.6062568, 56.0193084], [-3.6061603, 56.0193384], [-3.6060664, 56.0194193], [-3.6059055, 56.0196427], [-3.6057982, 56.0196907], [-3.6056533, 56.0197281], [-3.6056185, 56.0197761], [-3.6053449, 56.0202678], [-3.6053851, 56.0203293], [-3.6053368, 56.0203712], [-3.605251, 56.0203952], [-3.6050498, 56.0203802], [-3.6036202, 56.0201719], [-3.6026762, 56.020028], [-3.6025233, 56.0200384], [-3.6014665, 56.0202288], [-3.6006485, 56.0203638], [-3.5983927, 56.0207625], [-3.5975666, 56.0209079], [-3.5969819, 56.0208959], [-3.5967244, 56.0208719], [-3.5960619, 56.020782], [-3.5952867, 56.0206216], [-3.5945357, 56.0204867], [-3.5939081, 56.0203787], [-3.5938464, 56.0203158], [-3.5938786, 56.0202813], [-3.5939778, 56.0202483], [-3.5941522, 56.0202408], [-3.5942916, 56.0202273], [-3.594407, 56.0201434], [-3.5945357, 56.0200355], [-3.5946108, 56.019875], [-3.5946269, 56.0197341], [-3.5946484, 56.0194973], [-3.5945733, 56.0193758], [-3.5944579, 56.0192784], [-3.5942299, 56.0191045], [-3.5941683, 56.0189696]], [[-3.6113745, 56.0178122], [-3.6117872, 56.0174075], [-3.6125382, 56.0168498], [-3.6130639, 56.016514], [-3.613536, 56.01634], [-3.6140402, 56.0162021], [-3.6147162, 56.0160222], [-3.6151309, 56.0159446], [-3.6153594, 56.0158979], [-3.6155818, 56.0158677], [-3.6157998, 56.0158543], [-3.6160895, 56.0158458], [-3.6164068, 56.0158298], [-3.6165244, 56.0158184], [-3.6166353, 56.0158074]], [[-3.6166353, 56.0158074], [-3.6168512, 56.0158003], [-3.6170121, 56.0158003], [-3.6173984, 56.0158963], [-3.6178812, 56.0159622], [-3.6183747, 56.0160342], [-3.6188253, 56.0160702], [-3.6192545, 56.0160642], [-3.6196622, 56.0160222], [-3.6201771, 56.0160102], [-3.6208423, 56.0160582], [-3.6213788, 56.0161002], [-3.6222371, 56.0161481], [-3.6227413, 56.0161122], [-3.6230632, 56.0160342]], [[-3.6284424, 56.0108562], [-3.6291014, 56.0117302]], [[-3.6291014, 56.0117302], [-3.6294514, 56.0122462], [-3.6294079, 56.0123356]], [[-3.6295603, 56.0131462], [-3.6294445, 56.012688], [-3.6294316, 56.0125097], [-3.6294854, 56.0124685]], [[-3.6294854, 56.0124685], [-3.6294079, 56.0123356]], [[-3.6288859, 56.0136633], [-3.629236, 56.0134539], [-3.6295735, 56.0131986], [-3.6295603, 56.0131462]], [[-3.6249072, 56.0153963], [-3.6251951, 56.0151522], [-3.6276375, 56.0143863], [-3.6280545, 56.0142031], [-3.6280354, 56.0141772], [-3.6279769, 56.0141168], [-3.6279576, 56.0140926], [-3.6279353, 56.0140699], [-3.6284615, 56.0138812], [-3.6288859, 56.0136633]], [[-3.6230632, 56.0160342], [-3.6239322, 56.0158063], [-3.6242541, 56.0156684], [-3.6249072, 56.0153963]], [[-3.6284424, 56.0108562], [-3.6283531, 56.0107024], [-3.6282168, 56.0104846]], [[-3.6282168, 56.0104846], [-3.6279824, 56.010294], [-3.6277751, 56.0100462]], [[-3.6277751, 56.0100462], [-3.6274327, 56.0095622], [-3.6272476, 56.0092788]], [[-3.6272476, 56.0092788], [-3.6269371, 56.0086877]], [[-3.6275949, 56.0085573], [-3.6269371, 56.0086877]], [[-3.6275949, 56.0085573], [-3.6285822, 56.0083455], [-3.6304521, 56.0079276], [-3.6318489, 56.0076194]], [[-3.6337325, 56.0071992], [-3.6318489, 56.0076194]], [[-3.6333187, 56.0060005], [-3.6334179, 56.0063108], [-3.6342466, 56.0068765]], [[-3.6333187, 56.0060005], [-3.6337116, 56.0059096], [-3.63396, 56.0058522]], [[-3.6339818, 56.0057977], [-3.6340364, 56.0056953], [-3.6337361, 56.0053814], [-3.6336133, 56.0051562], [-3.6332993, 56.0049036], [-3.6330673, 56.004617], [-3.6327806, 56.0045794], [-3.6324189, 56.0044771], [-3.6321732, 56.0043747], [-3.6318183, 56.0041085], [-3.6316067, 56.0039106], [-3.6313405, 56.0035761], [-3.631204, 56.0033919], [-3.6309992, 56.0031325], [-3.6307808, 56.0028254], [-3.6304328, 56.0024705], [-3.6303099, 56.0022726]], [[-3.628334, 56.0021463], [-3.6303099, 56.0022726]], [[-3.6279914, 56.0021834], [-3.628334, 56.0021463]], [[-3.6270244, 56.0008417], [-3.6271175, 56.001035], [-3.6276359, 56.0018105], [-3.6279914, 56.0021834]], [[-3.6268393, 56.0008599], [-3.6270244, 56.0008417]], [[-3.6268393, 56.0008599], [-3.6269466, 56.0007639], [-3.6250501, 55.9965195]], [[-3.6250501, 55.9965195], [-3.6243392, 55.9965035], [-3.6236557, 55.9964382]], [[-3.6236557, 55.9964382], [-3.6234799, 55.994523]], [[-3.6234799, 55.994523], [-3.6231788, 55.9905025], [-3.6230701, 55.9903388], [-3.6228777, 55.9896581]], [[-3.622677, 55.9884839], [-3.6225892, 55.988547], [-3.6227774, 55.9894218], [-3.6228777, 55.9896581]], [[-3.6220079, 55.9871529], [-3.6226184, 55.9884347], [-3.622677, 55.9884839]], [[-3.5941683, 56.0189696], [-3.5934586, 56.0188847], [-3.5926899, 56.0187684], [-3.5925252, 56.0187228]], [[-3.6287927, 55.9753013], [-3.6289214, 55.9755114], [-3.6289751, 55.9757155], [-3.6289429, 55.9758896], [-3.6289, 55.9760097], [-3.6288571, 55.9761718]], [[-3.6287927, 55.9753013], [-3.6292609, 55.9751883], [-3.6304342, 55.9749051], [-3.6310193, 55.9747804]], [[-3.6310193, 55.9747804], [-3.6310942, 55.9745352], [-3.6313517, 55.974265], [-3.6314563, 55.9740594], [-3.631697, 55.9737887], [-3.632328, 55.9734755], [-3.63336, 55.9732514], [-3.6340473, 55.9731018], [-3.6355708, 55.9724609], [-3.6360905, 55.9722548], [-3.6368072, 55.9720422], [-3.6379525, 55.9716519], [-3.6382738, 55.9714998], [-3.6386472, 55.9711836], [-3.6393226, 55.9707868], [-3.6398215, 55.9705587], [-3.6400956, 55.9705382], [-3.6405671, 55.9705557], [-3.6411068, 55.9706673], [-3.6417848, 55.9707658], [-3.6422038, 55.9708083], [-3.6423513, 55.9707738], [-3.6428314, 55.9705862], [-3.6430809, 55.9704346], [-3.6435095, 55.9699552], [-3.6437353, 55.9697531], [-3.6441618, 55.969522], [-3.6447519, 55.9694694], [-3.6449718, 55.9694529], [-3.646203, 55.9696631], [-3.6469272, 55.9697771], [-3.6470125, 55.9697721], [-3.647308, 55.9697261], [-3.6480049, 55.969604], [-3.6484372, 55.9694709], [-3.6488476, 55.9692668], [-3.649258, 55.9687069], [-3.6493224, 55.9682836], [-3.6492821, 55.967464], [-3.649253, 55.9671375], [-3.6493031, 55.966902], [-3.6495048, 55.9666654], [-3.64984, 55.9662105], [-3.6502204, 55.9660704], [-3.6504945, 55.9658007], [-3.6505959, 55.96559], [-3.6511806, 55.9653348], [-3.6512428, 55.9652002], [-3.6514252, 55.9645246], [-3.6516425, 55.964427], [-3.6523506, 55.9642424], [-3.6522739, 55.9641475]], [[-3.6522739, 55.9641475], [-3.6527173, 55.9640236], [-3.652977, 55.9639589], [-3.6532131, 55.9639065], [-3.653444, 55.9638791], [-3.6536261, 55.9638765], [-3.6537569, 55.9638753], [-3.653939, 55.9638784], [-3.6540534, 55.9638863], [-3.6544823, 55.9639589], [-3.6545846, 55.9639461]], [[-3.6545846, 55.9639461], [-3.6557603, 55.9641905], [-3.6565954, 55.9643521], [-3.6573078, 55.9644924], [-3.6578223, 55.9645973], [-3.6581453, 55.9646596], [-3.6582955, 55.9647337]], [[-3.6582955, 55.9647337], [-3.6598479, 55.9650268], [-3.6602245, 55.9651096], [-3.660778, 55.9652376], [-3.6610872, 55.9652787], [-3.6616218, 55.9653813], [-3.6619572, 55.9655163], [-3.6622688, 55.9656055], [-3.6628796, 55.9658477], [-3.6631606, 55.9660326], [-3.6633617, 55.9660824], [-3.6634544, 55.966142], [-3.6635032, 55.9662202], [-3.6641117, 55.9666267], [-3.6645173, 55.9669389], [-3.6646513, 55.9670817], [-3.6649497, 55.9674257], [-3.6650821, 55.9677405], [-3.6650973, 55.9683291], [-3.6650769, 55.9692372], [-3.6650506, 55.9695049], [-3.66509, 55.9696452], [-3.6651911, 55.9697593], [-3.6653248, 55.9698628], [-3.6655931, 55.9700525], [-3.6659568, 55.9701648], [-3.6672534, 55.9703484], [-3.6678059, 55.9704613], [-3.6680505, 55.9705413], [-3.6688418, 55.9709217], [-3.6695551, 55.9711366], [-3.6703716, 55.9713042], [-3.6707954, 55.9714143], [-3.6714544, 55.9716302], [-3.6717942, 55.9718163], [-3.6724642, 55.9723661], [-3.6727082, 55.9724758], [-3.6728193, 55.9726247], [-3.6728085, 55.9727006], [-3.6729535, 55.9728872], [-3.6733546, 55.9732239], [-3.6743679, 55.9738169], [-3.6746857, 55.9739805], [-3.6748584, 55.9740826], [-3.6752154, 55.9743806], [-3.6755886, 55.9749029], [-3.6759442, 55.9753219], [-3.6761793, 55.9755373], [-3.6762351, 55.9756057], [-3.6763135, 55.9757425], [-3.6765474, 55.9759746], [-3.676847, 55.9761586], [-3.6769847, 55.9762407], [-3.6774176, 55.9764609], [-3.6779043, 55.9767031], [-3.6805829, 55.9780405], [-3.6817113, 55.9785867], [-3.6820004, 55.9786661], [-3.6831731, 55.9789539], [-3.683275, 55.9789557], [-3.6838964, 55.9788443], [-3.6839979, 55.9788058], [-3.6843084, 55.9788607], [-3.6844772, 55.9790897], [-3.6846403, 55.9791442], [-3.6850393, 55.9791442], [-3.6856157, 55.9791993], [-3.6868731, 55.9793993], [-3.6873825, 55.9795385], [-3.6881475, 55.9798558], [-3.688587, 55.9801615], [-3.6887587, 55.9803219], [-3.6889152, 55.980468], [-3.689244, 55.9806861], [-3.6901051, 55.9809915], [-3.6912603, 55.9812335], [-3.6921533, 55.9813335], [-3.6943037, 55.9815222], [-3.6952708, 55.9816804], [-3.6962281, 55.9819179], [-3.6968623, 55.9821113], [-3.6986527, 55.9827602], [-3.6988297, 55.9827822], [-3.6989584, 55.9828273], [-3.6990932, 55.9829541], [-3.700051, 55.9832335], [-3.7004982, 55.9832989], [-3.7012542, 55.9833194], [-3.7024937, 55.9832919], [-3.7032421, 55.9832222], [-3.7046869, 55.9830877], [-3.7061346, 55.9829419], [-3.7075296, 55.9829282], [-3.7096935, 55.9827363], [-3.7112489, 55.9826971], [-3.7115103, 55.9826861], [-3.7124449, 55.9826466], [-3.7137215, 55.9825793], [-3.7146605, 55.9826289], [-3.7154092, 55.9827204], [-3.7155265, 55.9827018], [-3.7156425, 55.9827275], [-3.7157473, 55.9827862], [-3.7162433, 55.9829331], [-3.7175697, 55.9833868], [-3.7180096, 55.9835595], [-3.7183839, 55.9838036], [-3.7185373, 55.9839641], [-3.7185529, 55.9841282], [-3.7185943, 55.9845739], [-3.7186815, 55.9847327], [-3.7188251, 55.984858], [-3.718985, 55.9849327], [-3.7192319, 55.9850176], [-3.7199298, 55.9850298], [-3.7214453, 55.9849625], [-3.7223224, 55.984867], [-3.7240887, 55.984657], [-3.7246303, 55.9846332], [-3.7252672, 55.9846701], [-3.7263258, 55.9847013], [-3.7281883, 55.9845804], [-3.7287811, 55.9845306], [-3.7293562, 55.9844828], [-3.7301164, 55.9844449], [-3.7322119, 55.9845059], [-3.7326734, 55.9844937], [-3.7336681, 55.9843533], [-3.7343441, 55.9842882], [-3.7358688, 55.9841844], [-3.7371078, 55.9840648], [-3.7381461, 55.9839575], [-3.7391133, 55.983904], [-3.7394552, 55.9838898], [-3.7397132, 55.9838357], [-3.7398723, 55.9838324], [-3.7401876, 55.9838609], [-3.7405347, 55.9838576], [-3.740664, 55.983894]], [[-3.740664, 55.983894], [-3.7410161, 55.9838552], [-3.7472936, 55.983588], [-3.7478465, 55.9835644]], [[-3.7478465, 55.9835644], [-3.7480483, 55.9835111], [-3.7483294, 55.9834346], [-3.7486556, 55.9833429], [-3.7491095, 55.9832172], [-3.7496743, 55.983196], [-3.7512311, 55.983348], [-3.7520947, 55.983366], [-3.7529745, 55.9833904], [-3.7535707, 55.9833838], [-3.7544012, 55.9833394], [-3.7549108, 55.9832891], [-3.7559155, 55.9830909], [-3.7565352, 55.9829799], [-3.7570517, 55.9829637], [-3.758059, 55.9830469]], [[-3.758059, 55.9830469], [-3.7579775, 55.9831913], [-3.7578165, 55.9832873], [-3.7576771, 55.9834134], [-3.7576449, 55.9835274], [-3.7576878, 55.9836234], [-3.757956, 55.9836955], [-3.7582366, 55.9837597], [-3.7581508, 55.9838327], [-3.7581615, 55.9839558], [-3.7582205, 55.9840608], [-3.7583225, 55.9841628], [-3.7585263, 55.9842078], [-3.758639, 55.9842138], [-3.7587892, 55.9841928], [-3.7589286, 55.9841928], [-3.7591164, 55.9842439], [-3.7592773, 55.9843339], [-3.7594544, 55.9844059], [-3.7596367, 55.9844239], [-3.7601464, 55.984652], [-3.7604307, 55.984796], [-3.7605809, 55.9849641], [-3.7605272, 55.9851441], [-3.7604068, 55.9853736], [-3.7604086, 55.9854926]], [[-3.7604086, 55.9854926], [-3.760477, 55.985587]], [[-3.760477, 55.985587], [-3.7604951, 55.9856363], [-3.7605487, 55.9858163], [-3.7605702, 55.9862244], [-3.7606454, 55.9865007]], [[-3.7587082, 55.9874388], [-3.7597194, 55.9868321], [-3.7603311, 55.9865761], [-3.7606454, 55.9865007]], [[-3.7618759, 55.9885944], [-3.761571, 55.9877113], [-3.7598673, 55.9875], [-3.7597384, 55.987484], [-3.7591269, 55.9876161], [-3.7587082, 55.9874388]], [[-3.7651551, 55.989419], [-3.7640285, 55.9892352], [-3.7624999, 55.9889487], [-3.762148, 55.9888897], [-3.7619965, 55.9888165], [-3.7619473, 55.9887259], [-3.7618759, 55.9885944]], [[-3.767541, 55.989838], [-3.7666827, 55.989598], [-3.7651551, 55.989419]], [[-3.767541, 55.989838], [-3.7683564, 55.9903579], [-3.7686167, 55.9904602]], [[-3.7686167, 55.9904602], [-3.7690194, 55.9914105], [-3.7692576, 55.9919863], [-3.7692683, 55.9921364]], [[-3.7689787, 55.9923104], [-3.7691825, 55.9921844], [-3.7692683, 55.9921364]], [[-3.7686774, 55.9921764], [-3.7689787, 55.9923104]], [[-3.7707463, 55.9948705], [-3.7708735, 55.9948304], [-3.7710206, 55.9947841], [-3.7715127, 55.9946441], [-3.7719158, 55.9945658], [-3.7720022, 55.9945622], [-3.7723697, 55.9945468], [-3.7738037, 55.9946323]], [[-3.7738037, 55.9946323], [-3.7744494, 55.9944838], [-3.7751014, 55.9943077], [-3.775394, 55.9941405]], [[-3.775394, 55.9941405], [-3.7756103, 55.9939626]], [[-3.7756103, 55.9939626], [-3.7757312, 55.993911], [-3.7760174, 55.993927], [-3.7767203, 55.9940053], [-3.7769812, 55.9940249], [-3.7772706, 55.9940196], [-3.7776968, 55.994], [-3.777894, 55.993968], [-3.7781695, 55.9939094]], [[-3.789149, 55.9923769], [-3.7880008, 55.9925192], [-3.7868491, 55.9926681], [-3.7866899, 55.9926887], [-3.7857177, 55.9928143], [-3.7852586, 55.9928773], [-3.7842183, 55.9930338], [-3.7835533, 55.9931277], [-3.7826525, 55.9932431], [-3.7824466, 55.9932777], [-3.7823015, 55.993294], [-3.7821752, 55.9933069], [-3.7811446, 55.9934025], [-3.7806676, 55.9934285], [-3.7796211, 55.9934578], [-3.7788486, 55.993542], [-3.7783873, 55.993722], [-3.7781695, 55.9939094]], [[-3.7890136, 55.9920368], [-3.789149, 55.9923769]], [[-3.7888875, 55.9916955], [-3.7890136, 55.9920368]], [[-3.7907597, 55.991337], [-3.7901906, 55.991446], [-3.7888875, 55.9916955]], [[-3.7907597, 55.991337], [-3.7909321, 55.9914296]], [[-3.7913692, 55.9915438], [-3.7912239, 55.9915058], [-3.7909321, 55.9914296]], [[-3.7913692, 55.9915438], [-3.7916374, 55.9919098], [-3.7922405, 55.9922147]], [[-3.7939297, 55.9925591], [-3.7926891, 55.9922442], [-3.7927844, 55.9921765], [-3.7929005, 55.9921407]], [[-3.7922405, 55.9922147], [-3.7924422, 55.9921226]], [[-3.7926823, 55.9920554], [-3.7926803, 55.9920922], [-3.7926549, 55.99212], [-3.7926306, 55.9921332], [-3.7926015, 55.9921428], [-3.7925673, 55.9921482], [-3.7925208, 55.9921477], [-3.7924698, 55.9921361], [-3.7924422, 55.9921226]], [[-3.7929303, 55.9921056], [-3.7927561, 55.9920671]], [[-3.7929005, 55.9921407], [-3.7929303, 55.9921056]], [[-3.7939297, 55.9925591], [-3.7939303, 55.9925835], [-3.7942249, 55.992619]], [[-3.7943134, 55.9926929], [-3.7943334, 55.9925], [-3.7943093, 55.9924963], [-3.7942249, 55.992619]], [[-3.7943134, 55.9926929], [-3.7943551, 55.9924993], [-3.7944513, 55.9923605]], [[-3.7944513, 55.9923605], [-3.7945444, 55.992186]], [[-3.7945444, 55.992186], [-3.7945543, 55.9921601], [-3.7946831, 55.9921382], [-3.7946721, 55.9921165], [-3.7946106, 55.9921262]], [[-3.7954836, 55.9918415], [-3.7953366, 55.9918767], [-3.795077, 55.9919679], [-3.7948731, 55.9920539], [-3.794688, 55.9920925], [-3.7946204, 55.9921123], [-3.7946106, 55.9921262]], [[-3.7954836, 55.9918415], [-3.7956849, 55.9921051], [-3.7957617, 55.9921637], [-3.7959187, 55.9922835], [-3.7962492, 55.9924382], [-3.7968543, 55.9925606], [-3.7982861, 55.992727], [-3.7999796, 55.9929098]], [[-3.8007884, 55.9928236], [-3.8007534, 55.9930104]], [[-3.8007884, 55.9928236], [-3.8009408, 55.9927527], [-3.8012282, 55.9927384]], [[-3.8114638, 55.9924627], [-3.811164, 55.992532], [-3.810215, 55.9927389], [-3.809909, 55.9927696], [-3.8095434, 55.9927492], [-3.8088234, 55.9926495], [-3.8082223, 55.9926172], [-3.8078889, 55.9925992], [-3.8077143, 55.9925898], [-3.8071648, 55.9926], [-3.8061958, 55.9926868], [-3.8059598, 55.9926407], [-3.8055678, 55.9925641], [-3.8050851, 55.9926103], [-3.8048181, 55.9927541], [-3.8045459, 55.9928106], [-3.8040016, 55.9927695], [-3.803308, 55.9926253], [-3.8029924, 55.9925597], [-3.8020459, 55.9926326], [-3.8017888, 55.9927426], [-3.8013466, 55.9927588]], [[-3.8012282, 55.9927384], [-3.8013466, 55.9927588]], [[-3.8116798, 55.9924655], [-3.8114638, 55.9924627]], [[-3.8118443, 55.9907199], [-3.8118107, 55.9908385], [-3.811712, 55.9913122], [-3.8117133, 55.9913617], [-3.8117148, 55.9914192], [-3.8117178, 55.9915325], [-3.8117919, 55.9916135], [-3.8119149, 55.9916636], [-3.8121102, 55.9916891], [-3.8123413, 55.9916949], [-3.8125433, 55.991753], [-3.812766, 55.9918328], [-3.8128759, 55.9918577], [-3.8129589, 55.9918725], [-3.8129976, 55.9919009], [-3.8130124, 55.9920127], [-3.812959, 55.992067], [-3.8127364, 55.9920557], [-3.8126383, 55.992057], [-3.8123175, 55.9921732], [-3.8120984, 55.9922525], [-3.8118533, 55.9923948], [-3.8117215, 55.9924618], [-3.8116798, 55.9924655]], [[-3.811853, 55.9906775], [-3.8121471, 55.9907579], [-3.8122486, 55.9907857], [-3.8124285, 55.9908348], [-3.8130396, 55.9909452], [-3.8139426, 55.9911085], [-3.8146755, 55.9912506], [-3.8149191, 55.9912859], [-3.8150241, 55.9912871]], [[-3.8150121, 55.991317], [-3.8150241, 55.9912871]], [[-3.8153861, 55.9913534], [-3.8154152, 55.9913045], [-3.8155217, 55.9911659], [-3.8156887, 55.9910054], [-3.8158043, 55.9908387], [-3.8159244, 55.9907386], [-3.8162366, 55.9905704], [-3.8162149, 55.990487], [-3.8161746, 55.9903484], [-3.8161374, 55.9901732], [-3.8162157, 55.9900556], [-3.816322, 55.9899505]], [[-3.816322, 55.9899505], [-3.816364, 55.9899341], [-3.8164193, 55.9899082], [-3.8164686, 55.989913], [-3.8165739, 55.9899251], [-3.8166682, 55.9899329], [-3.8168007, 55.9899318], [-3.8169552, 55.9899262], [-3.8172556, 55.9899264], [-3.8175399, 55.9899444], [-3.8185741, 55.9900799], [-3.8195784, 55.9902294], [-3.8202435, 55.9903645], [-3.8205273, 55.9904096], [-3.8206774, 55.9903731], [-3.8209247, 55.9903816], [-3.8211759, 55.9904999], [-3.8212373, 55.9905512]], [[-3.8220251, 55.9905902], [-3.8212373, 55.9905512]], [[-3.8237254, 55.9907038], [-3.8232746, 55.9906705], [-3.8221384, 55.9905937], [-3.8220251, 55.9905902]], [[-3.8294326, 55.9910665], [-3.8281022, 55.9912826], [-3.8268362, 55.9911119], [-3.8254933, 55.9909378], [-3.8245295, 55.9907905], [-3.8237254, 55.9907038]], [[-3.8302818, 55.991], [-3.8299148, 55.9909882], [-3.8298769, 55.9909944], [-3.8294326, 55.9910665]], [[-3.8321576, 55.9910697], [-3.8319437, 55.9909858], [-3.8314716, 55.9908658], [-3.8312141, 55.9909378], [-3.8307849, 55.9910339], [-3.8302818, 55.991]], [[-3.8323867, 55.9953244], [-3.832325, 55.9951534], [-3.8322464, 55.9951008], [-3.8321437, 55.995014], [-3.8321242, 55.9948812], [-3.832154, 55.9945361], [-3.8321368, 55.9941564], [-3.8321611, 55.9939074], [-3.8322167, 55.9936229], [-3.8323267, 55.9933285], [-3.8323631, 55.9931513], [-3.8324929, 55.9928989], [-3.8326947, 55.99257], [-3.8327215, 55.9924561], [-3.8326518, 55.992426], [-3.8325245, 55.9923651], [-3.8323361, 55.9921879], [-3.8322335, 55.9920097], [-3.8322482, 55.991935], [-3.8323768, 55.9916862], [-3.8325399, 55.9914527], [-3.8325338, 55.9912547], [-3.8321576, 55.9910697]], [[-3.8324081, 55.9954595], [-3.8323867, 55.9953244]], [[-3.8324147, 55.9955569], [-3.8324081, 55.9954595]], [[-3.8320496, 55.9957122], [-3.8320713, 55.995674], [-3.8321357, 55.99562], [-3.832217, 55.9955982], [-3.8324147, 55.9955569]], [[-3.8320519, 55.9959257], [-3.8320496, 55.9957122]], [[-3.8320386, 55.996133], [-3.8320519, 55.9959257]], [[-3.8339873, 55.9966375], [-3.8339852, 55.9963965], [-3.8339598, 55.9962609], [-3.8338792, 55.9962175], [-3.8337579, 55.9961976], [-3.8331546, 55.9961846], [-3.8321635, 55.9962037], [-3.8320999, 55.9961874], [-3.8320386, 55.996133]], [[-3.8340043, 55.9975722], [-3.8339881, 55.9975032], [-3.8340069, 55.9969827], [-3.8340203, 55.9967157], [-3.8339873, 55.9966375]], [[-3.8340176, 55.9979111], [-3.8340793, 55.9978271], [-3.8341195, 55.9977551], [-3.8341168, 55.9976621], [-3.8341034, 55.9976307], [-3.8340043, 55.9975722]], [[-3.842098, 55.9994345], [-3.8417638, 55.9995052], [-3.8414219, 55.9995461]], [[-3.8419737, 55.9988107], [-3.8420011, 55.9989398], [-3.8420951, 55.9990821], [-3.8422438, 55.9992243], [-3.8422868, 55.9993403], [-3.842098, 55.9994345]], [[-3.8447799, 55.9989198], [-3.8445843, 55.9989705], [-3.8443847, 55.998942], [-3.8441225, 55.9988435], [-3.8437898, 55.9988151], [-3.8432888, 55.998837], [-3.8429561, 55.9988129], [-3.8426352, 55.9988151], [-3.8421929, 55.9987757], [-3.8419737, 55.9988107]], [[-3.870737, 55.9971214], [-3.8705314, 55.9970473], [-3.8702434, 55.9969897], [-3.8697663, 55.9969651], [-3.8690094, 55.9969486], [-3.8681127, 55.9969651], [-3.8670103, 55.9969322], [-3.8641803, 55.9969404], [-3.8640138, 55.9969411]], [[-3.8640138, 55.9969411], [-3.8638488, 55.997026]], [[-3.8638488, 55.997026], [-3.8634839, 55.9971015], [-3.8630479, 55.997094], [-3.8628017, 55.9970691], [-3.862468, 55.99707], [-3.8621269, 55.9970534], [-3.8617146, 55.9970467]], [[-3.8738705, 55.9981771], [-3.873547, 55.9979872], [-3.8729418, 55.9978124], [-3.8721356, 55.9976232], [-3.8715762, 55.997434], [-3.8712142, 55.9973188], [-3.870737, 55.9971214]], [[-3.8741971, 55.9984087], [-3.8738705, 55.9981771]], [[-3.8845005, 55.9998362], [-3.8833829, 55.9999503], [-3.8823944, 56.0000419], [-3.8814839, 56.0001963], [-3.8804647, 56.0003643], [-3.8800034, 56.0003583], [-3.8796493, 56.0002923], [-3.8784702, 55.9998774], [-3.8769154, 55.9992686], [-3.8762572, 55.9990382], [-3.875706, 55.9988819], [-3.8746036, 55.9986104], [-3.8741971, 55.9984087]], [[-3.8845005, 55.9998362], [-3.8850761, 55.9998208], [-3.8854225, 55.9997707], [-3.8855314, 55.999755], [-3.8857719, 55.9997093], [-3.885928, 55.9996964]], [[-3.8870118, 56.0000001], [-3.8860242, 55.999704], [-3.885928, 55.9996964]], [[-3.8873843, 56.0003644], [-3.8872678, 56.0002387], [-3.8870835, 56.0000516], [-3.8870118, 56.0000001]], [[-3.8873843, 56.0003644], [-3.8876398, 56.0001284], [-3.8877732, 55.9999332], [-3.8877336, 55.9997363], [-3.8876096, 55.999567], [-3.8874305, 55.9994399], [-3.8872392, 55.9993492]], [[-3.9160511, 55.9891337], [-3.9156741, 55.9892185], [-3.9152525, 55.9893043], [-3.9147047, 55.9894487], [-3.9123851, 55.9897464], [-3.9113529, 55.9899516], [-3.9102196, 55.9902365], [-3.9092824, 55.9906224], [-3.9071519, 55.99177], [-3.9060082, 55.9922427], [-3.9051027, 55.9924601], [-3.903547, 55.9927241], [-3.9019592, 55.9929642], [-3.9008004, 55.9932042], [-3.9001198, 55.9934417], [-3.8993735, 55.9937022], [-3.8980925, 55.9942273], [-3.8978039, 55.9943424], [-3.8964124, 55.9951243], [-3.8949318, 55.9958563], [-3.8930542, 55.9968344], [-3.8920994, 55.9972903], [-3.8890674, 55.9983439], [-3.8877566, 55.9989403], [-3.8872392, 55.9993492]], [[-3.94217, 55.9856349], [-3.9419817, 55.9856876], [-3.9417119, 55.9857548], [-3.941415, 55.9858413], [-3.9400582, 55.9862119], [-3.939709, 55.9862731], [-3.9389984, 55.9862884], [-3.937271, 55.9863834], [-3.934103, 55.9865809], [-3.9331294, 55.9866442], [-3.9314079, 55.9868247], [-3.9305735, 55.9868748], [-3.92969, 55.9869238], [-3.9282893, 55.9870493], [-3.9250762, 55.9874494], [-3.9234433, 55.9876861], [-3.9205196, 55.9879994], [-3.9188423, 55.9882544], [-3.9180867, 55.9884291], [-3.9164703, 55.9889861], [-3.9160511, 55.9891337]], [[-3.9434951, 55.9851149], [-3.9433372, 55.9852488], [-3.9423523, 55.9855529], [-3.94217, 55.9856349]], [[-3.9441284, 55.9848783], [-3.9434951, 55.9851149]], [[-3.9632676, 55.9864415], [-3.9631299, 55.9864593], [-3.9629116, 55.9864224], [-3.9627106, 55.9863548], [-3.9613538, 55.9863506], [-3.9592743, 55.9863217], [-3.9590024, 55.9862961], [-3.958734, 55.986243], [-3.9583074, 55.9861226], [-3.9577187, 55.985826], [-3.9572195, 55.9853298], [-3.9565364, 55.9848948], [-3.9550142, 55.9842118], [-3.9540739, 55.9840127], [-3.9534261, 55.9839373], [-3.9523442, 55.9838411], [-3.9502156, 55.9835235], [-3.9497237, 55.9835049], [-3.9492581, 55.9835568], [-3.948817, 55.9836309], [-3.9484184, 55.9837307], [-3.9476363, 55.9839896], [-3.9470898, 55.9841342], [-3.9462073, 55.9842778], [-3.9447158, 55.9847745], [-3.9445121, 55.9848397], [-3.9442972, 55.9849085], [-3.9441284, 55.9848783]], [[-3.967895, 55.9860947], [-3.9674396, 55.9862166], [-3.9669072, 55.9862753], [-3.965428, 55.9863895], [-3.9646194, 55.9864263], [-3.964179, 55.9864184], [-3.9636569, 55.9863322], [-3.9634372, 55.9863323], [-3.9633438, 55.9864063], [-3.9632676, 55.9864415]], [[-3.9827455, 55.9826773], [-3.9799797, 55.9832378], [-3.9769903, 55.9839362], [-3.9734496, 55.9847264], [-3.9702336, 55.9854186], [-3.968733, 55.9857822], [-3.9680085, 55.9860512]], [[-3.9920072, 55.9810192], [-3.9911194, 55.9812133], [-3.989738, 55.9815349], [-3.9886813, 55.9816666], [-3.9857716, 55.9820892], [-3.9839216, 55.9824047], [-3.9827455, 55.9826773]], [[-4.0241628, 55.9727851], [-4.0240439, 55.9728004], [-4.0238431, 55.972824], [-4.0232949, 55.9729012], [-4.0225904, 55.9730476], [-4.0220299, 55.9732375], [-4.0208476, 55.9735959], [-4.0198032, 55.9737337], [-4.0188721, 55.9740492], [-4.018284, 55.9742697], [-4.0165566, 55.9748639], [-4.0141706, 55.9756327], [-4.0124217, 55.9761687], [-4.0112118, 55.9764168], [-4.0093588, 55.9767997], [-4.0071658, 55.9773142], [-4.0059284, 55.977596], [-4.0041121, 55.9780064], [-4.0031197, 55.9782484], [-4.0004826, 55.9788977], [-3.9971349, 55.9798135], [-3.9952604, 55.980322], [-3.9940505, 55.9806007], [-3.9920072, 55.9810192]], [[-4.0243474, 55.9727603], [-4.0242684, 55.9727705]], [[-4.024555, 55.9727702], [-4.0244522, 55.9727546], [-4.0243474, 55.9727603]], [[-4.0248358, 55.972801], [-4.024555, 55.9727702]], [[-4.0249029, 55.9726907], [-4.0248358, 55.972801]], [[-4.0249319, 55.9724855], [-4.0249029, 55.9726907]], [[-4.0238567, 55.9706999], [-4.0238445, 55.9707717], [-4.0238467, 55.9708032], [-4.0238655, 55.9708272], [-4.0239033, 55.9708608], [-4.0239581, 55.9708905], [-4.0240267, 55.9709241], [-4.0241296, 55.9709759], [-4.0241964, 55.9710037], [-4.0242667, 55.9710287], [-4.0243422, 55.9710508], [-4.024457, 55.9710805], [-4.0245479, 55.9711102], [-4.0246473, 55.9711381], [-4.0247554, 55.9711784], [-4.0248702, 55.9712225], [-4.0249474, 55.9712532], [-4.0250022, 55.9712964], [-4.0250228, 55.9713309], [-4.0250451, 55.9713626], [-4.0250725, 55.9713914], [-4.0251205, 55.9714326], [-4.025172, 55.9714863], [-4.0252063, 55.9715276], [-4.0252097, 55.9715401], [-4.0252011, 55.9715506], [-4.0251908, 55.9715593], [-4.0251291, 55.9715813], [-4.0250262, 55.9715986], [-4.0249182, 55.9716139], [-4.0247468, 55.9716322], [-4.0246371, 55.9716437], [-4.0245085, 55.9716562], [-4.0244296, 55.9716638], [-4.0244107, 55.9716715], [-4.0244056, 55.9716859], [-4.0244107, 55.9717013], [-4.0244296, 55.9717147], [-4.0244725, 55.9717358], [-4.0245976, 55.9717972], [-4.0246971, 55.9718365], [-4.0248839, 55.9719133], [-4.0249028, 55.9719315], [-4.0249199, 55.9719545], [-4.0249217, 55.9719929], [-4.0249114, 55.9720246], [-4.0248531, 55.9721013], [-4.0247965, 55.9721531], [-4.0247753, 55.9721932]], [[-4.0238567, 55.9706999], [-4.023406, 55.970469]], [[-4.0223227, 55.9690596], [-4.0224016, 55.9694217], [-4.0226054, 55.9697519], [-4.0229595, 55.9700881], [-4.023406, 55.970469]], [[-4.0266673, 55.9675588], [-4.0277767, 55.9672421], [-4.0283025, 55.9670259], [-4.0286458, 55.9669238], [-4.0290857, 55.9666296], [-4.0293646, 55.9664615], [-4.0296098, 55.9662834]], [[-4.0223227, 55.9690596], [-4.0224874, 55.9688753], [-4.022702, 55.9688272], [-4.0231848, 55.9687912], [-4.0233886, 55.9686591], [-4.0238393, 55.968521], [-4.0240324, 55.9684129], [-4.0241611, 55.9682928], [-4.0248156, 55.9681247], [-4.0250731, 55.9680226], [-4.0254164, 55.9679386], [-4.0258273, 55.9678116], [-4.0266673, 55.9675588]], [[-4.0345499, 55.9633413], [-4.0343686, 55.9635101], [-4.0340649, 55.9636776], [-4.0338291, 55.9638044], [-4.0334256, 55.9639516], [-4.033126, 55.9640856], [-4.0328317, 55.9642003], [-4.0325324, 55.9643627], [-4.0321743, 55.9645759], [-4.0319022, 55.9647408], [-4.0315169, 55.9649997], [-4.0313038, 55.9651316], [-4.0310861, 55.9652585], [-4.0308957, 55.9653701], [-4.0307824, 55.9653955], [-4.0305758, 55.9654617], [-4.0304922, 55.9655478], [-4.0303109, 55.9657051], [-4.0301159, 55.9658903], [-4.0296098, 55.9662834]], [[-4.0348339, 55.9631103], [-4.0353626, 55.962846], [-4.0357994, 55.9626447], [-4.0359939, 55.962614], [-4.0376787, 55.9624389], [-4.0378141, 55.9623852]], [[-4.0348339, 55.9631103], [-4.0347071, 55.9631902], [-4.0345499, 55.9633413]], [[-4.0378141, 55.9623852], [-4.0381408, 55.9623222], [-4.0382803, 55.9623057], [-4.0384413, 55.9623627], [-4.0385979, 55.9623931], [-4.0391075, 55.9623869], [-4.0407713, 55.9622282], [-4.041664, 55.9621748], [-4.0425971, 55.9621267], [-4.0427505, 55.9621137], [-4.0428529, 55.962105], [-4.0433781, 55.9620603]], [[-4.0433781, 55.9620603], [-4.0446069, 55.9620557]], [[-4.0446069, 55.9620557], [-4.0449428, 55.9620007], [-4.0463108, 55.9619181], [-4.0466598, 55.9618966], [-4.04684, 55.961884]], [[-4.04684, 55.961884], [-4.0476914, 55.9618338]], [[-4.047738, 55.962092], [-4.0477293, 55.9619613], [-4.0476914, 55.9618338]], [[-4.0628077, 55.9609685], [-4.0620547, 55.9610887], [-4.0615458, 55.9610929], [-4.0609924, 55.9609821], [-4.0603063, 55.9612042], [-4.0592515, 55.9616138], [-4.0543215, 55.9616947], [-4.0533663, 55.9617104], [-4.0519859, 55.9617121], [-4.0510614, 55.9617223], [-4.0497094, 55.9619954]], [[-4.0495711, 55.9619892], [-4.0497094, 55.9619954]], [[-4.0628077, 55.9609685], [-4.0628689, 55.9609981], [-4.0631206, 55.9612178], [-4.0633928, 55.9614519], [-4.0639642, 55.9614625], [-4.0647857, 55.9614426], [-4.0656265, 55.9614081], [-4.0662031, 55.961392], [-4.068063, 55.961182], [-4.0692137, 55.9609523], [-4.069506, 55.9605804], [-4.0698156, 55.960396], [-4.0704592, 55.9600647], [-4.0706737, 55.9598245], [-4.0707876, 55.9594193], [-4.07106, 55.9591999], [-4.0718754, 55.9589116], [-4.0719541, 55.9583183]], [[-4.0719541, 55.9583183], [-4.072693, 55.958133], [-4.0741433, 55.9577736], [-4.0742259, 55.9577462]], [[-4.0742259, 55.9577462], [-4.0747507, 55.9581188]], [[-4.0747507, 55.9581188], [-4.0754307, 55.9583697], [-4.0761399, 55.9586583], [-4.076424, 55.9587984], [-4.0765527, 55.9588509], [-4.076652, 55.9588705], [-4.0768344, 55.9588825], [-4.0770543, 55.9588585], [-4.0775988, 55.9587413], [-4.0779207, 55.9586467], [-4.0781138, 55.9586062], [-4.0782559, 55.9585972], [-4.0785081, 55.9586077], [-4.0789816, 55.958641]], [[-4.0789816, 55.958641], [-4.0793296, 55.9585219], [-4.080367, 55.9583223], [-4.080811, 55.9582339], [-4.0817737, 55.957591], [-4.0823896, 55.9571338], [-4.0829081, 55.9565292], [-4.0831926, 55.9563278]], [[-4.0845776, 55.9585185], [-4.0840966, 55.9583183], [-4.0838878, 55.9581892], [-4.0837553, 55.9580422], [-4.0836868, 55.9578862], [-4.0836617, 55.9576024], [-4.083648, 55.9575104], [-4.0835919, 55.9571781], [-4.08352, 55.956924], [-4.0832243, 55.9563793], [-4.0831926, 55.9563278]], [[-4.0847152, 55.9585743], [-4.0845776, 55.9585185]], [[-4.0849001, 55.9586552], [-4.0847152, 55.9585743]], [[-4.0849902, 55.9586905], [-4.0849001, 55.9586552]], [[-4.0967965, 55.9538239], [-4.0967974, 55.9543091], [-4.0968303, 55.9547531], [-4.0967205, 55.9549954], [-4.0965638, 55.9551943], [-4.0960233, 55.9556201], [-4.095653, 55.955828], [-4.0951918, 55.9560094], [-4.0943498, 55.9562656], [-4.0936746, 55.9564279], [-4.0926445, 55.9566814], [-4.09211, 55.9568279], [-4.0913833, 55.957081], [-4.0907325, 55.9572871], [-4.0903288, 55.9573459], [-4.0898516, 55.9573664], [-4.089275, 55.9573576], [-4.0885734, 55.9573477], [-4.0879985, 55.9573947], [-4.087535, 55.9574734], [-4.0871797, 55.9575538], [-4.0865612, 55.9577364], [-4.0859896, 55.9579841], [-4.0856117, 55.9581722], [-4.0849902, 55.9586905]], [[-4.1506306, 55.9401887], [-4.1506668, 55.9404548], [-4.1507527, 55.9414282], [-4.1506217, 55.9418803], [-4.1500477, 55.9424706], [-4.1479347, 55.9432866], [-4.1465432, 55.9435443], [-4.1435283, 55.9441198], [-4.1423945, 55.9442572], [-4.1417623, 55.9443893], [-4.1410487, 55.9446021], [-4.1402749, 55.9449706], [-4.1394225, 55.9455972], [-4.1382523, 55.9463073], [-4.1371361, 55.9468704], [-4.1362929, 55.9472027], [-4.1353938, 55.947497], [-4.1338788, 55.9479787], [-4.1334162, 55.9480752], [-4.1327618, 55.9480722], [-4.132345, 55.9480033], [-4.1316391, 55.9479208], [-4.1307486, 55.9478684], [-4.1300204, 55.9478893], [-4.1290893, 55.9479851], [-4.1276033, 55.9481826], [-4.1263056, 55.9482387], [-4.1257046, 55.9482647], [-4.1249725, 55.9482232], [-4.1241503, 55.9482428], [-4.1228447, 55.9483888], [-4.1204654, 55.9485004], [-4.1181892, 55.9484403], [-4.1169179, 55.9483372], [-4.1137312, 55.9479164], [-4.1117341, 55.9477892], [-4.1108036, 55.9478149], [-4.1099058, 55.947903], [-4.1092832, 55.9480498], [-4.1080774, 55.9483433], [-4.1058031, 55.9489815], [-4.1028568, 55.9500036], [-4.1012742, 55.950575]], [[-4.1011226, 55.9506318], [-4.1000956, 55.9510329], [-4.0990209, 55.9513778], [-4.0982411, 55.9515833], [-4.0976688, 55.9517902], [-4.097304, 55.9520676], [-4.0970789, 55.9523058], [-4.0968657, 55.9527287], [-4.0967777, 55.95304], [-4.0967965, 55.9538239]], [[-4.1506306, 55.9401887], [-4.1509435, 55.9403571]], [[-4.1509435, 55.9403571], [-4.1513858, 55.9407274], [-4.1521034, 55.9410809], [-4.1526488, 55.941352], [-4.1528972, 55.9414083], [-4.1531007, 55.9414315], [-4.1533026, 55.9414786], [-4.1534668, 55.9415628]], [[-4.1533738, 55.9420919], [-4.1534293, 55.9420444], [-4.1534431, 55.9419736]], [[-4.1536632, 55.9429863], [-4.1536335, 55.9428575], [-4.1534048, 55.9421827], [-4.1533738, 55.9420919]], [[-4.1534455, 55.9429809], [-4.1535089, 55.9431319], [-4.1535947, 55.9432436], [-4.153725, 55.9434198]], [[-4.153725, 55.9434198], [-4.1539364, 55.9443442], [-4.1540007, 55.9448602], [-4.1539887, 55.9451759], [-4.1539455, 55.9454941], [-4.153827, 55.9457412], [-4.1537169, 55.9459359]], [[-4.1537401, 55.9462088], [-4.1537169, 55.9459359]], [[-4.1599235, 55.9633882], [-4.1594252, 55.9633536], [-4.1589318, 55.9632602], [-4.1587066, 55.9632046], [-4.1576871, 55.9628865], [-4.1570442, 55.96266], [-4.1566377, 55.9624745], [-4.1559418, 55.9619894], [-4.1552503, 55.9614425], [-4.154243, 55.9600647], [-4.1534193, 55.9586538], [-4.15178, 55.9563294], [-4.1510378, 55.9551549], [-4.1504542, 55.952855], [-4.1504159, 55.9525994], [-4.1504539, 55.951553], [-4.1508726, 55.949946], [-4.1520038, 55.9486572], [-4.1528167, 55.9476998], [-4.1534412, 55.9468068], [-4.1536666, 55.9462898], [-4.1537401, 55.9462088]], [[-4.1638366, 55.9633514], [-4.1619502, 55.9633999], [-4.161031, 55.9633882], [-4.1599235, 55.9633882]], [[-4.1744902, 55.9650823], [-4.1740011, 55.9650115], [-4.1734134, 55.9649225], [-4.1727697, 55.9647987], [-4.1722045, 55.9646958], [-4.1714136, 55.9645358], [-4.1709484, 55.9644361], [-4.1695864, 55.9641343], [-4.1680613, 55.963857], [-4.1667074, 55.963539], [-4.1658184, 55.9634166], [-4.1650028, 55.963384], [-4.1644459, 55.9633601], [-4.1638366, 55.9633514]], [[-4.1748174, 55.9651408], [-4.1744902, 55.9650823]], [[-4.1917633, 55.9672064], [-4.1911889, 55.9670115], [-4.1907733, 55.9668882], [-4.1903184, 55.9667605], [-4.189356, 55.9665282], [-4.1882957, 55.9663229], [-4.1874374, 55.9661915], [-4.1869433, 55.9661711], [-4.1866708, 55.9661598], [-4.1856782, 55.9660917], [-4.1847235, 55.966049], [-4.1827832, 55.965977], [-4.1806538, 55.9659123], [-4.1794467, 55.9658619], [-4.178234, 55.9657339], [-4.177263, 55.9656041], [-4.176584, 55.965491], [-4.1756567, 55.9653032], [-4.1748174, 55.9651408]], [[-4.1921003, 55.9673363], [-4.1917633, 55.9672064]], [[-4.1992915, 55.9708893], [-4.1989948, 55.9706475], [-4.198617, 55.9703998], [-4.1983212, 55.9701746], [-4.1976117, 55.9697298], [-4.1968927, 55.9693362], [-4.1965034, 55.9691326], [-4.1962109, 55.9690095], [-4.195932, 55.968878], [-4.1953651, 55.9686472], [-4.1946403, 55.9683732], [-4.1937646, 55.9680274], [-4.1926303, 55.9675479], [-4.1921003, 55.9673363]], [[-4.2001764, 55.9717609], [-4.2001288, 55.971638], [-4.1996625, 55.9711816], [-4.1992915, 55.9708893]], [[-4.2207329, 55.9806601], [-4.2200358, 55.9805976], [-4.2191075, 55.9804995], [-4.2179973, 55.9803321], [-4.2173444, 55.980225], [-4.2159378, 55.9798633], [-4.2148796, 55.9794173], [-4.2144582, 55.9792044], [-4.2141911, 55.9790694], [-4.2134176, 55.9785519], [-4.2126794, 55.9777865], [-4.2121572, 55.9770309], [-4.2113285, 55.975728], [-4.2104885, 55.9748293], [-4.2093474, 55.9739945], [-4.2085319, 55.9736067], [-4.2071368, 55.9730791], [-4.2057628, 55.9727776], [-4.2040123, 55.9724446], [-4.2025708, 55.9720914], [-4.2014021, 55.9718165]], [[-4.2014021, 55.9718165], [-4.2004421, 55.9719194], [-4.2003024, 55.9718855]], [[-4.2003024, 55.9718855], [-4.2001764, 55.9717609]], [[-4.2207329, 55.9806601], [-4.2208711, 55.9804669]], [[-4.2214557, 55.9805825], [-4.2213717, 55.9805822], [-4.2212362, 55.980506], [-4.2211668, 55.9805197], [-4.2211331, 55.9805091], [-4.2211517, 55.9804508], [-4.2209576, 55.9804888], [-4.2208711, 55.9804669]], [[-4.2215832, 55.9805486], [-4.2214557, 55.9805825]], [[-4.221789, 55.9806495], [-4.2216251, 55.9805556], [-4.2215832, 55.9805486]], [[-4.2287309, 55.9799696], [-4.2266479, 55.9800965], [-4.2249735, 55.9802999], [-4.2238109, 55.9805098], [-4.2227127, 55.9806395], [-4.2220338, 55.9806846], [-4.221789, 55.9806495]], [[-4.2289348, 55.9799651], [-4.2287309, 55.9799696]], [[-4.2555087, 55.9807123], [-4.2542851, 55.9805049], [-4.2528246, 55.980318], [-4.2513302, 55.980198], [-4.2499997, 55.9801618], [-4.2479083, 55.9802303], [-4.2468984, 55.9802768], [-4.2459831, 55.9802904], [-4.2445572, 55.9802184], [-4.2428721, 55.9801032], [-4.2411293, 55.9799591], [-4.239581, 55.9798511], [-4.2383424, 55.9796999], [-4.2369074, 55.9796353], [-4.2357584, 55.9795897], [-4.234511, 55.9796223], [-4.2334718, 55.9796574], [-4.2321502, 55.9798023], [-4.2312411, 55.9798856], [-4.2304329, 55.9799237], [-4.2289348, 55.9799651]], [[-4.2654884, 55.9810027], [-4.2644131, 55.9811257], [-4.262724, 55.9812585], [-4.2609692, 55.9812625], [-4.2580166, 55.9810653], [-4.2556551, 55.9807328]], [[-4.3023686, 55.9845353], [-4.3000576, 55.9840134], [-4.2983209, 55.9837758], [-4.2969942, 55.9836543], [-4.2957344, 55.9835936], [-4.2943521, 55.9835756], [-4.2929574, 55.9835971], [-4.2901331, 55.9836871], [-4.2879614, 55.9837208], [-4.2856434, 55.9836083], [-4.2836112, 55.9833415], [-4.2832931, 55.9832877], [-4.2804071, 55.9826685], [-4.2786601, 55.982143], [-4.2771399, 55.9815966], [-4.2749041, 55.9809193], [-4.2728867, 55.9806475], [-4.2709463, 55.9805969], [-4.2690896, 55.980625], [-4.2669095, 55.98085], [-4.2657018, 55.9809769]], [[-4.3032369, 55.9856524], [-4.3027106, 55.9848045], [-4.3023686, 55.9845353]], [[-4.3032369, 55.9856524], [-4.3048225, 55.9854603], [-4.3057926, 55.985372]], [[-4.3049785, 55.9844339], [-4.3050421, 55.9846494], [-4.3051128, 55.9848217], [-4.3053747, 55.9850843], [-4.3057926, 55.985372]], [[-4.3064648, 55.9841867], [-4.3061987, 55.9842158], [-4.3052099, 55.9844238], [-4.3049785, 55.9844339]], [[-4.3099807, 55.983737], [-4.309527, 55.9838273], [-4.3086954, 55.9839238], [-4.3083267, 55.9840116], [-4.3076912, 55.9841038], [-4.3071263, 55.9841564], [-4.306789, 55.984174], [-4.3064648, 55.9841867]], [[-4.308856, 55.9820158], [-4.3089449, 55.9821106], [-4.3090033, 55.9822056], [-4.3090311, 55.9823239], [-4.3090673, 55.9824577], [-4.3090256, 55.9825869], [-4.3090145, 55.9827067], [-4.3090221, 55.9828021], [-4.3090305, 55.9828745], [-4.3090553, 55.9829335], [-4.3091084, 55.9830303], [-4.3091793, 55.9831096], [-4.3092388, 55.9831474], [-4.3094016, 55.9832747], [-4.3095353, 55.9833726], [-4.3097399, 55.9834871], [-4.3098521, 55.9835608], [-4.3098934, 55.9836092], [-4.3099807, 55.983737]], [[-4.3088794, 55.9816825], [-4.3088531, 55.9817697], [-4.3088392, 55.9818787], [-4.308828, 55.9819799], [-4.308856, 55.9820158]], [[-4.3168987, 55.9823042], [-4.3150283, 55.9820071], [-4.3146867, 55.9819339], [-4.3143832, 55.9818591], [-4.3140064, 55.9818128], [-4.3137355, 55.9818114], [-4.3132679, 55.9818856], [-4.3127709, 55.9819008], [-4.312377, 55.9818915], [-4.3121061, 55.9819265], [-4.3117042, 55.9819979], [-4.3114082, 55.9820945], [-4.3112329, 55.9821423], [-4.3108971, 55.9821066], [-4.3103088, 55.9820402], [-4.3099631, 55.9819316], [-4.3098654, 55.9818773], [-4.3096806, 55.9817745], [-4.3094769, 55.9816333], [-4.309307, 55.9814996], [-4.3091966, 55.9814603], [-4.3090208, 55.9815221], [-4.3089267, 55.9816064], [-4.3088794, 55.9816825]], [[-4.3369153, 55.984354], [-4.3365962, 55.9843545], [-4.3361083, 55.9842936], [-4.3357059, 55.9843009], [-4.3334961, 55.9842579], [-4.3317695, 55.9840208], [-4.3312533, 55.9840178], [-4.3307618, 55.9839783], [-4.3298586, 55.9838973], [-4.3291764, 55.9838362], [-4.3286608, 55.9837507], [-4.3278859, 55.9836265], [-4.3272579, 55.9836308], [-4.326746, 55.9836145], [-4.3261297, 55.9835919], [-4.3254752, 55.983532], [-4.3245714, 55.9834915], [-4.3240019, 55.9835207], [-4.3234861, 55.983479], [-4.3228192, 55.9834413], [-4.3222415, 55.9833909], [-4.3211763, 55.9831473], [-4.3204551, 55.9829665], [-4.3201085, 55.9828626], [-4.3196431, 55.982725], [-4.3192331, 55.98261], [-4.3190048, 55.9825459], [-4.318242, 55.9824637], [-4.3168987, 55.9823042]], [[-4.3369153, 55.984354], [-4.3370436, 55.9843544], [-4.3371502, 55.984352], [-4.3374452, 55.984298], [-4.3377135, 55.9841719], [-4.3377491, 55.9841098]], [[-4.3419083, 55.9800394], [-4.3409263, 55.9817179], [-4.3400214, 55.9826501], [-4.3380941, 55.9837232], [-4.337939, 55.983917], [-4.3377491, 55.9841098]], [[-4.3458674, 55.9858401], [-4.3453713, 55.9853347], [-4.3448456, 55.9844885], [-4.3444701, 55.9836542], [-4.343762, 55.983138], [-4.3434938, 55.9827359], [-4.3433436, 55.9818596], [-4.3429144, 55.980503], [-4.3419083, 55.9800394]], [[-4.3458674, 55.9858401], [-4.3454516, 55.9864209], [-4.3452505, 55.9865942], [-4.3453831, 55.9867774], [-4.3455447, 55.9869152], [-4.3455759, 55.9869418]], [[-4.3529138, 55.9873945], [-4.352854, 55.9873979], [-4.3520163, 55.9874462], [-4.3519072, 55.9874525], [-4.3510113, 55.9874252], [-4.3504519, 55.9873603], [-4.34928, 55.9871156], [-4.3486704, 55.987003], [-4.3484415, 55.9869816], [-4.3481012, 55.9869499], [-4.3470374, 55.9869144], [-4.3455759, 55.9869418]], [[-4.3529138, 55.9873945], [-4.3528807, 55.9874711], [-4.3520185, 55.9889418], [-4.3519575, 55.9893247], [-4.3519844, 55.9895047], [-4.3519039, 55.9896457], [-4.3513271, 55.9902534], [-4.351128, 55.9904756], [-4.3511264, 55.9907176], [-4.3510509, 55.991011], [-4.3510831, 55.991401], [-4.3507355, 55.9919752], [-4.3506861, 55.992195], [-4.3505358, 55.9923877], [-4.3504126, 55.9925052]], [[-4.3504126, 55.9925052], [-4.3503267, 55.9926732], [-4.3503214, 55.9928052], [-4.3504564, 55.9929838]], [[-4.3504564, 55.9929838], [-4.3512955, 55.993241], [-4.3514866, 55.993344], [-4.3515574, 55.9934786], [-4.3517273, 55.9938745]], [[-4.3517273, 55.9938745], [-4.3518618, 55.9942268], [-4.3520021, 55.994378], [-4.3522169, 55.9944961], [-4.3529165, 55.9947375], [-4.3554222, 55.9952838], [-4.3558257, 55.9953511], [-4.3560734, 55.9953709], [-4.3566963, 55.9953431], [-4.3569724, 55.9953075], [-4.3571352, 55.9952917], [-4.3572201, 55.9953234], [-4.3573334, 55.9953986], [-4.35739, 55.9955134], [-4.3574293, 55.9956747], [-4.3575817, 55.9958514], [-4.3575956, 55.9960776], [-4.3576344, 55.9961722], [-4.3577258, 55.9965751], [-4.3578006, 55.9967006], [-4.357845, 55.9969098], [-4.3579752, 55.9971082], [-4.3582182, 55.9973066], [-4.358473, 55.9975401], [-4.3588232, 55.9977916], [-4.3590504, 55.9978877], [-4.3593413, 55.9980457], [-4.3595769, 55.9981077], [-4.3599537, 55.9982828], [-4.3601533, 55.9983494], [-4.3602427, 55.9983547], [-4.3605301, 55.9984703], [-4.3607934, 55.998616], [-4.360943, 55.9987694], [-4.3611176, 55.9990034], [-4.36127, 55.9991754], [-4.3614335, 55.9992963], [-4.3616192, 55.999459], [-4.3617853, 55.9995961], [-4.3619626, 55.9996935], [-4.3621467, 55.9997093], [-4.3626776, 55.999832], [-4.3628855, 55.9999161], [-4.3630379, 55.9999967], [-4.3631644, 56.0001328], [-4.363279, 56.0003531], [-4.3634137, 56.0005405], [-4.3633925, 56.000687], [-4.3632297, 56.0010353], [-4.363173, 56.0011659], [-4.3630173, 56.0013321], [-4.3628899, 56.0014153], [-4.3626999, 56.0015044], [-4.3625114, 56.0015942], [-4.3624551, 56.001661], [-4.3623497, 56.0017108], [-4.3617825, 56.0019616], [-4.3616038, 56.0020684], [-4.3612279, 56.0021786]], [[-4.3612279, 56.0021786], [-4.3604392, 56.0024405], [-4.3593827, 56.0027695], [-4.3586999, 56.0030677], [-4.3585865, 56.0031172]], [[-4.3585865, 56.0031172], [-4.3583512, 56.0032567]], [[-4.3583512, 56.0032567], [-4.358055, 56.0034057]], [[-4.358055, 56.0034057], [-4.3622952, 56.0070313], [-4.3663069, 56.0104303], [-4.3669908, 56.0110318], [-4.3677095, 56.0116763], [-4.368232, 56.0122229], [-4.3686098, 56.0126837], [-4.3691298, 56.0134076], [-4.3696884, 56.0145159], [-4.3700252, 56.0153991], [-4.370295, 56.0165244], [-4.3704438, 56.0181606], [-4.3705995, 56.018841], [-4.3705783, 56.0189914], [-4.3706986, 56.0195136], [-4.3708048, 56.0196283], [-4.3709848, 56.020663], [-4.3710803, 56.0212761], [-4.371511, 56.0216008], [-4.3721409, 56.0229181], [-4.3722542, 56.0229834], [-4.372463, 56.0230387], [-4.3728347, 56.0235709], [-4.3733402, 56.0241808], [-4.3742948, 56.0250809], [-4.3756573, 56.0260021], [-4.3756666, 56.0260939], [-4.3766112, 56.0266102], [-4.3781967, 56.0274576], [-4.3783106, 56.0275621], [-4.3784569, 56.0275984], [-4.37903, 56.0279549], [-4.3800636, 56.0284904], [-4.3808913, 56.0289318], [-4.3829198, 56.0300358], [-4.3830831, 56.0300737], [-4.3831755, 56.0301632], [-4.3842046, 56.0307159], [-4.3843186, 56.0307365], [-4.3850243, 56.0311255], [-4.3859512, 56.0316093], [-4.3871375, 56.0322587], [-4.3873655, 56.0322302], [-4.3874368, 56.0322621]], [[-4.3874368, 56.0322621], [-4.3878762, 56.0324945]], [[-4.3878762, 56.0324945], [-4.3880062, 56.0327192], [-4.3880087, 56.0327235], [-4.3893826, 56.0334666], [-4.3895652, 56.033559], [-4.3897742, 56.0336883], [-4.3901094, 56.0338637], [-4.390275, 56.0339908], [-4.3903894, 56.0340443], [-4.3911319, 56.0345127], [-4.3917261, 56.0349513], [-4.3921262, 56.0353201], [-4.3920184, 56.0353717], [-4.3924451, 56.0357369], [-4.3928133, 56.0362324], [-4.3930875, 56.0366438], [-4.393203, 56.0368058], [-4.3937432, 56.0380137], [-4.3939003, 56.0380653], [-4.3939712, 56.0382512], [-4.3941406, 56.0384302], [-4.3942516, 56.0388743], [-4.394257, 56.0389609], [-4.3942734, 56.039051], [-4.3944397, 56.0395278], [-4.395043, 56.0410339], [-4.3954047, 56.0419011], [-4.3956666, 56.0422589], [-4.3963664, 56.0429685], [-4.3971946, 56.0438384], [-4.3978529, 56.0444097], [-4.3981183, 56.0445441], [-4.3990266, 56.0454371], [-4.3991384, 56.0455824], [-4.3993048, 56.0457235], [-4.3994758, 56.0458594], [-4.399484, 56.0459116], [-4.3994799, 56.0460558], [-4.3996552, 56.0461173], [-4.3998179, 56.0462263], [-4.4003667, 56.0467259], [-4.4004561, 56.0469824], [-4.4010937, 56.0475578], [-4.4018617, 56.0484385], [-4.4023917, 56.0492077], [-4.402597, 56.0493085], [-4.4027208, 56.0494726], [-4.4028899, 56.0497866], [-4.4029062, 56.049817], [-4.4030141, 56.049959], [-4.4033352, 56.0505584], [-4.4037946, 56.0512454], [-4.4039301, 56.0515052], [-4.4040842, 56.0516962], [-4.4042229, 56.0518182]], [[-4.4057913, 56.0517401], [-4.4064946, 56.0516698], [-4.406832, 56.0516629], [-4.4070882, 56.051697], [-4.4072233, 56.051775], [-4.407389, 56.0518332]], [[-4.4080883, 56.0518423], [-4.408442, 56.0513474], [-4.40868, 56.0512353], [-4.4089882, 56.0511362], [-4.4094295, 56.0510658], [-4.4103775, 56.0509249], [-4.4121124, 56.0505637], [-4.4122639, 56.0505523], [-4.4123552, 56.0505455]], [[-4.407389, 56.0518332], [-4.4075557, 56.0518491]], [[-4.4234998, 56.0491791], [-4.4229393, 56.0490694], [-4.4219021, 56.0489513], [-4.4210122, 56.0488952], [-4.420254, 56.0488474], [-4.4185541, 56.0489048], [-4.417977, 56.0489093], [-4.4174231, 56.0489136], [-4.4172185, 56.0489152], [-4.4166067, 56.0490091], [-4.4148141, 56.0494998], [-4.4143867, 56.0498426], [-4.4140827, 56.0499509], [-4.4138963, 56.0500173], [-4.4130487, 56.0503199], [-4.4123552, 56.0505455]], [[-4.4253922, 56.0491613], [-4.4238355, 56.0491452], [-4.4234998, 56.0491791]], [[-4.4354552, 56.0474205], [-4.4346382, 56.0476236], [-4.4343113, 56.0477049]], [[-4.4537825, 56.0430033], [-4.4499219, 56.0438618], [-4.4460862, 56.0448611], [-4.4459067, 56.0448676], [-4.4457295, 56.0449156], [-4.4455056, 56.0449762], [-4.4448051, 56.0451383], [-4.4431709, 56.0455231], [-4.4404984, 56.0461759], [-4.4365798, 56.0471706], [-4.4354552, 56.0474205]], [[-4.4601395, 56.0438779], [-4.4592697, 56.0437436], [-4.4578105, 56.0434739], [-4.4561368, 56.0431826], [-4.4537825, 56.0430033]], [[-4.4652206, 56.0428549], [-4.4637317, 56.0430462], [-4.4622838, 56.043333], [-4.4601395, 56.0438779]], [[-4.4901473, 56.0329486], [-4.4889976, 56.0324338], [-4.4866929, 56.0312446], [-4.485887, 56.0309441], [-4.4854073, 56.0306794], [-4.4850947, 56.030507], [-4.4838517, 56.030425], [-4.4830049, 56.0309168], [-4.4820077, 56.0314358], [-4.4814067, 56.0320915], [-4.4813931, 56.0325695], [-4.4806443, 56.0333009], [-4.4802184, 56.0337169], [-4.47903, 56.0343725], [-4.4788938, 56.0345577], [-4.4778144, 56.0360253], [-4.4761915, 56.0370851], [-4.4751472, 56.0375519], [-4.4750415, 56.0377054], [-4.4751508, 56.0379649], [-4.4745225, 56.0381698], [-4.4730959, 56.0384552], [-4.4727468, 56.038525], [-4.4706433, 56.0389484], [-4.4692637, 56.0396177], [-4.4677339, 56.0405329], [-4.4668597, 56.0409563], [-4.4661084, 56.0412431], [-4.464961, 56.0419261], [-4.4647835, 56.0421583], [-4.4652206, 56.0428549]], [[-4.5083037, 56.0208292], [-4.5043626, 56.0227354], [-4.5025019, 56.0239909], [-4.5015842, 56.0244839], [-4.4981189, 56.0251277], [-4.4953248, 56.0256482], [-4.4945851, 56.0258673], [-4.4932565, 56.0265522], [-4.4922413, 56.0284474], [-4.4918457, 56.0294833], [-4.4922019, 56.0305243], [-4.4915444, 56.0318666], [-4.4901473, 56.0329486]], [[-4.562326, 56.013717], [-4.5621777, 56.0138009], [-4.5613022, 56.0144556], [-4.5606165, 56.0150034], [-4.5602581, 56.0151729], [-4.5597324, 56.0152267], [-4.5596731, 56.0150894], [-4.5597639, 56.0147505], [-4.5596922, 56.0145194], [-4.5593574, 56.0141368], [-4.5585525, 56.0138419], [-4.5565121, 56.0131086], [-4.5550695, 56.012997], [-4.5530131, 56.013268], [-4.5509807, 56.0144556], [-4.5479759, 56.0129572], [-4.5437918, 56.0145472], [-4.5406096, 56.0157863], [-4.5387786, 56.0162963], [-4.5353217, 56.0157041], [-4.5346055, 56.0153873], [-4.5337792, 56.015346], [-4.53276, 56.0158281], [-4.5305426, 56.0174119], [-4.5274713, 56.0183347], [-4.5189924, 56.0210245], [-4.5152137, 56.0221772], [-4.5142496, 56.0223149], [-4.50987, 56.022012], [-4.5093742, 56.0217503], [-4.5083037, 56.0208292]], [[-4.5746205, 56.0133041], [-4.5734461, 56.0131621], [-4.571639, 56.0132759], [-4.5707838, 56.0135246], [-4.5692163, 56.0134105], [-4.567336, 56.0129911], [-4.5671967, 56.012903], [-4.5631465, 56.0130007]], [[-4.5808181, 56.0123397], [-4.5778036, 56.0130999], [-4.5768685, 56.0132387], [-4.5758687, 56.0132943], [-4.5750193, 56.0133346]], [[-4.5841669, 56.0135245], [-4.5843298, 56.0134615], [-4.5844532, 56.0134135], [-4.5845873, 56.0133865], [-4.5847751, 56.0134045], [-4.585054, 56.0134495], [-4.5852901, 56.0135185], [-4.5854242, 56.0135754], [-4.5855315, 56.0136924], [-4.585848, 56.0138453], [-4.5861162, 56.0139713], [-4.5863308, 56.0140222], [-4.5865185, 56.0140282], [-4.5866258, 56.0139892], [-4.5866794, 56.0138903], [-4.5867009, 56.0137733], [-4.5867438, 56.0136414], [-4.5867975, 56.0135005], [-4.5867615, 56.0133307], [-4.5866596, 56.0131958], [-4.5865239, 56.0130207], [-4.5864971, 56.0128947], [-4.5865614, 56.0127448], [-4.5866955, 56.0125918], [-4.5868672, 56.0124959], [-4.5870174, 56.0124419], [-4.587232, 56.0124179], [-4.5874895, 56.0124689], [-4.5878864, 56.0125559], [-4.5881815, 56.0126188], [-4.5884947, 56.0126329]], [[-4.5841669, 56.0135245], [-4.584075, 56.0133909], [-4.5839168, 56.013184], [-4.5838229, 56.0130476], [-4.5838873, 56.0129921], [-4.5839409, 56.0129276], [-4.583898, 56.0128572], [-4.5838256, 56.0127417], [-4.5837585, 56.0127012], [-4.5836351, 56.0126937], [-4.5833363, 56.0127535], [-4.5830831, 56.0128135]], [[-4.5808181, 56.0123397], [-4.5811455, 56.012357], [-4.5824237, 56.012583], [-4.5830831, 56.0128135]], [[-4.5884947, 56.0126329], [-4.5884812, 56.0125192], [-4.5884733, 56.012453], [-4.588484, 56.0121531], [-4.5884411, 56.0119012], [-4.5882587, 56.0115834], [-4.5882473, 56.0115166], [-4.5881729, 56.0110795], [-4.5882587, 56.0109596], [-4.5883445, 56.0108336], [-4.588881, 56.0104798], [-4.588999, 56.0103658], [-4.5890956, 56.0101979], [-4.5890956, 56.0100239], [-4.5889454, 56.0096221], [-4.5886986, 56.0092262], [-4.5882158, 56.0088423], [-4.5875721, 56.0085364], [-4.5871107, 56.0084284], [-4.5861773, 56.0080506], [-4.5850079, 56.0072648], [-4.5845573, 56.0070308], [-4.584171, 56.0069649]], [[-4.5825239, 56.0053091], [-4.5826927, 56.0054579], [-4.5827362, 56.0055257], [-4.5831546, 56.0058256], [-4.5838627, 56.0063595], [-4.5839485, 56.0064975], [-4.5840392, 56.0067056], [-4.5842382, 56.0068694], [-4.584324, 56.0069173], [-4.584171, 56.0069649]], [[-4.5812978, 56.0036226], [-4.5810476, 56.0036966]], [[-4.5825926, 56.0032669], [-4.5812978, 56.0036226]], [[-4.5832169, 56.0030827], [-4.5825926, 56.0032669]], [[-4.5828082, 56.0032945], [-4.5832169, 56.0030827]], [[-4.5828082, 56.0032945], [-4.5831614, 56.0034351], [-4.5834959, 56.0039131], [-4.5838305, 56.0040891], [-4.5844819, 56.0047597], [-4.5852634, 56.0053827], [-4.5859874, 56.0058093], [-4.5865077, 56.0060395], [-4.586622, 56.0061969], [-4.5866358, 56.0063143], [-4.5869737, 56.0066761], [-4.5880086, 56.0072595], [-4.5882821, 56.0072418], [-4.5887345, 56.0069924], [-4.5888708, 56.0069258]], [[-4.5896342, 56.0064804], [-4.5894354, 56.0066488], [-4.5893512, 56.0066969], [-4.5889228, 56.006844], [-4.5888708, 56.0069258]], [[-4.5936949, 56.0054349], [-4.5932527, 56.0057257], [-4.5930411, 56.0056449], [-4.592429, 56.0054899], [-4.5919409, 56.0054493], [-4.5914449, 56.0054654], [-4.5910997, 56.0055015], [-4.5908164, 56.0055616], [-4.5906402, 56.0056439], [-4.5903997, 56.0057685], [-4.5902939, 56.0057978], [-4.5900638, 56.0057905], [-4.5898615, 56.0058402], [-4.5896542, 56.0059415], [-4.5895681, 56.0060523], [-4.5895733, 56.0062144], [-4.5896544, 56.006408], [-4.5896342, 56.0064804]], [[-4.5964699, 56.0038159], [-4.5940342, 56.0053229], [-4.5936949, 56.0054349]], [[-4.5964699, 56.0038159], [-4.5969634, 56.0035232]], [[-4.5943783, 56.0023817], [-4.5954296, 56.0028459], [-4.5969634, 56.0035232]], [[-4.5940468, 56.0022735], [-4.5943783, 56.0023817]], [[-4.5933019, 56.0020608], [-4.5936907, 56.0021772], [-4.5940468, 56.0022735]], [[-4.5933019, 56.0020608], [-4.5936372, 56.0019085], [-4.5938679, 56.0017015], [-4.5940518, 56.0015366]], [[-4.594179, 56.0014226], [-4.5949998, 56.0009096], [-4.5956918, 56.0005288], [-4.5960512, 56.0003758], [-4.5966359, 56.0001628], [-4.5968162, 56.0001188], [-4.5971027, 56.0000488], [-4.5976685, 55.9999604]], [[-4.5940518, 56.0015366], [-4.594179, 56.0014226]], [[-4.5976685, 55.9999604], [-4.5979689, 55.9999229], [-4.5980338, 56.0001314]], [[-4.5986787, 55.9999922], [-4.5980338, 56.0001314]], [[-4.5989868, 55.9998439], [-4.598854, 55.9999259], [-4.5986787, 55.9999922]], [[-4.6096292, 56.0007706], [-4.6096009, 56.0007719], [-4.6089802, 56.0008005], [-4.60818, 56.0007158], [-4.6042235, 56.000103], [-4.6036189, 56.0000282], [-4.6026454, 56.0000097], [-4.6020542, 55.9999984], [-4.6007827, 55.9999535], [-4.5994847, 55.9998938], [-4.5989868, 55.9998439]], [[-4.6280226, 56.0005705], [-4.6278724, 56.0006125], [-4.6277222, 56.0006965], [-4.627212, 56.0009167], [-4.6267459, 56.0010625], [-4.626306, 56.0011164], [-4.6259197, 56.0011824], [-4.62504, 56.0013024], [-4.6246001, 56.0013324], [-4.6237632, 56.0013624], [-4.6234414, 56.0013564], [-4.6230981, 56.0013264], [-4.6219501, 56.0011824], [-4.6216926, 56.0011524], [-4.6212849, 56.0011824], [-4.6206519, 56.0012604], [-4.6198579, 56.0013684], [-4.6194932, 56.0014584], [-4.6192464, 56.0014824], [-4.6189138, 56.0014824], [-4.6186349, 56.0014344], [-4.6182486, 56.0013984], [-4.6176585, 56.0012904], [-4.6172723, 56.0012544], [-4.616135, 56.0010265], [-4.6159205, 56.0009785], [-4.6155986, 56.0009785], [-4.6153733, 56.0009785], [-4.6151373, 56.0009365], [-4.6144828, 56.0008525], [-4.614354, 56.0008165], [-4.6135708, 56.0007145], [-4.6124384, 56.0007127], [-4.6106419, 56.0007385], [-4.6101376, 56.0007445], [-4.6100518, 56.0007925], [-4.6096292, 56.0007706]], [[-4.6351943, 56.0001307], [-4.6345076, 56.0002687], [-4.6336815, 56.0003347], [-4.6325202, 56.0002533], [-4.6308706, 56.0001427], [-4.6303234, 56.0001727], [-4.6290252, 56.0004067], [-4.6280226, 56.0005705]], [[-4.6442071, 56.0059883], [-4.6441996, 56.0058275], [-4.6441502, 56.0054127], [-4.6440166, 56.0049478], [-4.6441099, 56.0046241], [-4.6443825, 56.0041869], [-4.6430164, 56.0040415], [-4.6414921, 56.0037842], [-4.6408055, 56.0035443], [-4.6400853, 56.00345], [-4.6397521, 56.0031019], [-4.6393463, 56.0028004], [-4.6383593, 56.0021285], [-4.6378443, 56.0017446], [-4.6375187, 56.0013553], [-4.6375144, 56.0011544], [-4.6373387, 56.000767], [-4.6371577, 56.0006887], [-4.636221, 56.0005019], [-4.6358316, 56.0002929], [-4.6351943, 56.0001307]], [[-4.6561525, 56.0098895], [-4.6555314, 56.0100525], [-4.6551166, 56.0101801], [-4.6549816, 56.0102131], [-4.6548297, 56.0102084], [-4.6547453, 56.0101565], [-4.654526, 56.0100008], [-4.6542897, 56.0098971], [-4.6540535, 56.0097744], [-4.6537582, 56.0096754], [-4.6534376, 56.0096801], [-4.6531423, 56.0096659], [-4.6528555, 56.0096707], [-4.6523915, 56.0096707], [-4.6520202, 56.0097225], [-4.6517165, 56.009765], [-4.6514381, 56.0098027], [-4.6511344, 56.009864], [-4.6509741, 56.0099537], [-4.6507547, 56.0100291], [-4.6505353, 56.010081], [-4.6502569, 56.0100904], [-4.6500207, 56.0100433], [-4.6498941, 56.0099631], [-4.6497423, 56.0098546], [-4.6496707, 56.0097695], [-4.6496943, 56.0096777], [-4.6497694, 56.0094858], [-4.6498284, 56.0094018], [-4.6501717, 56.00888], [-4.6503058, 56.008697], [-4.6504543, 56.0084822]], [[-4.6576355, 56.0095095], [-4.6573678, 56.0094634], [-4.6569146, 56.0095555], [-4.6564203, 56.0097743], [-4.6561525, 56.0098895]], [[-4.6677697, 56.0152552], [-4.666163, 56.0152552], [-4.6657923, 56.0153243], [-4.6650301, 56.0152437], [-4.6642062, 56.0152552], [-4.6621877, 56.0151285], [-4.6615491, 56.0151285], [-4.66089, 56.0152206], [-4.6601897, 56.0151516], [-4.6596747, 56.0148868], [-4.6590362, 56.0146335], [-4.6584801, 56.0144953], [-4.6583183, 56.014409], [-4.6580269, 56.0142535], [-4.6576973, 56.0139541], [-4.6568734, 56.0135281], [-4.6563791, 56.0133093], [-4.6560083, 56.0131366], [-4.6557406, 56.0130445], [-4.6557406, 56.0126415], [-4.6559465, 56.0125494], [-4.6565851, 56.012204], [-4.6567498, 56.0119276], [-4.656894, 56.011018], [-4.6570794, 56.0105689], [-4.657409, 56.0101313], [-4.6576973, 56.0097974], [-4.6577591, 56.0096016], [-4.6576355, 56.0095095]], [[-4.6843958, 56.0216588], [-4.6843518, 56.0216095], [-4.6843018, 56.0215534], [-4.6838053, 56.0212718], [-4.6834433, 56.0211144], [-4.6832824, 56.0207547], [-4.6835046, 56.0203632], [-4.6834435, 56.0196919], [-4.6826884, 56.0187874], [-4.6823973, 56.0184387], [-4.681995, 56.017292], [-4.6816114, 56.0172585], [-4.6793662, 56.0169361], [-4.6780479, 56.016844], [-4.6765855, 56.0168325], [-4.6755556, 56.0166368], [-4.6750613, 56.0166138], [-4.6739902, 56.0161302], [-4.6722188, 56.0157848], [-4.670262, 56.0156236], [-4.6688613, 56.0154049], [-4.6677697, 56.0152552]], [[-4.6843958, 56.0216588], [-4.6857003, 56.0212348], [-4.6864806, 56.0210424], [-4.6873167, 56.0208911], [-4.6880264, 56.0208838], [-4.6880344, 56.0208837], [-4.6886806, 56.0209598], [-4.6894511, 56.0210496], [-4.6894556, 56.0210501], [-4.6898935, 56.0210511], [-4.6906453, 56.0210239], [-4.692245, 56.0208276], [-4.6946552, 56.0206], [-4.6965327, 56.0204021], [-4.6984194, 56.0203198], [-4.6986, 56.0203119], [-4.7018003, 56.0204011], [-4.7037285, 56.0205411], [-4.7053385, 56.0208275], [-4.7058287, 56.0209228], [-4.7066518, 56.0210012], [-4.7084381, 56.0208774], [-4.7100668, 56.0205916], [-4.7114303, 56.0202495], [-4.7126911, 56.0196227], [-4.7129709, 56.0194628], [-4.7142487, 56.0187354], [-4.7160166, 56.0182253], [-4.7165998, 56.0180787]], [[-4.7203384, 56.0172082], [-4.7210428, 56.0170436], [-4.7215451, 56.0169263]], [[-4.7215451, 56.0169263], [-4.7226095, 56.0166777], [-4.7232469, 56.0165071]], [[-4.7232469, 56.0165071], [-4.7233498, 56.0166223], [-4.7237762, 56.0168215], [-4.7245311, 56.0170286], [-4.7251252, 56.0171927], [-4.7256215, 56.0173255], [-4.7258027, 56.017377], [-4.7260479, 56.0174467], [-4.7264603, 56.0175951], [-4.72667, 56.017642], [-4.7266421, 56.0177866], [-4.7268238, 56.0180561], [-4.7270335, 56.0181773], [-4.727362, 56.0181773], [-4.7276836, 56.018103], [-4.7279562, 56.0180054], [-4.7280108, 56.0179783]], [[-4.7309623, 56.0126718], [-4.7310394, 56.0127218], [-4.7310267, 56.012816], [-4.7307216, 56.0133618], [-4.7306142, 56.0135756], [-4.7301963, 56.0143719], [-4.7297353, 56.0153219], [-4.7291317, 56.016489], [-4.7287244, 56.017275], [-4.7285688, 56.0175753], [-4.7285394, 56.0176321], [-4.7284974, 56.0176936], [-4.7284208, 56.0178058], [-4.7283237, 56.0178518], [-4.7281252, 56.0178203], [-4.7280108, 56.0179783]], [[-4.7290649, 56.0123592], [-4.7309623, 56.0126718]], [[-4.7291123, 56.0122776], [-4.7291896, 56.0120994]], [[-4.7290649, 56.0123592], [-4.7291123, 56.0122776]], [[-4.7291896, 56.0120994], [-4.7292386, 56.0120038]], [[-4.7359357, 56.0032308], [-4.7355966, 56.0038983], [-4.7354067, 56.0042713], [-4.7352374, 56.0046052], [-4.7348597, 56.0052991], [-4.7345872, 56.0058848], [-4.7343595, 56.0063329], [-4.7338316, 56.0073719], [-4.7336991, 56.0076326], [-4.733533, 56.0079596], [-4.7332934, 56.008407], [-4.7327982, 56.0093537], [-4.7322868, 56.0103354], [-4.7318106, 56.0113491], [-4.7317282, 56.0115112], [-4.7312893, 56.0123748]], [[-3.6288571, 55.9761718], [-3.6288034, 55.97655], [-3.6287176, 55.9770062], [-3.6285996, 55.9775285], [-3.6285239, 55.9777565], [-3.6284601, 55.9779487], [-3.6281597, 55.9784289], [-3.6278164, 55.9788431], [-3.6274408, 55.9792212], [-3.6270445, 55.9796203], [-3.6266684, 55.9799716], [-3.6263902, 55.9802539], [-3.6260448, 55.9806044], [-3.6255387, 55.9811242], [-3.6245712, 55.9820523]], [[-3.6221256, 55.9844598], [-3.6222004, 55.9845434], [-3.6221671, 55.9846348], [-3.6220539, 55.9847107], [-3.6216775, 55.9850288], [-3.6215814, 55.9852604], [-3.6216106, 55.9854967], [-3.6217863, 55.9861189], [-3.6219703, 55.9867903], [-3.6220539, 55.9870967], [-3.6220079, 55.9871529]], [[-3.6241455, 55.9824535], [-3.6239303, 55.9826769], [-3.6235231, 55.9830514], [-3.6229146, 55.9836084], [-3.6228116, 55.9837207], [-3.6226411, 55.9841301], [-3.6224703, 55.9843198], [-3.6224294, 55.9843399]], [[-3.6224294, 55.9843399], [-3.622281, 55.9844129]], [[-3.622281, 55.9844129], [-3.6221256, 55.9844598]], [[-3.6245712, 55.9820523], [-3.6241455, 55.9824535]], [[-3.8447799, 55.9989198], [-3.8450418, 55.9991177], [-3.8452566, 55.9995544], [-3.8452449, 55.9996646], [-3.845227, 55.9998101], [-3.8452956, 55.9998882], [-3.8460439, 56.0003397], [-3.8468334, 56.0006161], [-3.8470735, 56.0006045], [-3.8472076, 56.0006314], [-3.8474175, 56.000696], [-3.8479503, 56.0006776], [-3.8485379, 56.0006301], [-3.8488164, 56.0006544], [-3.8491648, 56.0007572], [-3.8495216, 56.0008527], [-3.8497477, 56.0007833], [-3.8498784, 56.0007431], [-3.8503759, 56.000701], [-3.8506373, 56.0007038], [-3.8510795, 56.0006335], [-3.8520595, 56.0001811], [-3.8522153, 56.0000883], [-3.8527178, 55.999605], [-3.8528334, 55.9994617], [-3.852949, 55.9992818], [-3.8530143, 55.9992256], [-3.8531953, 55.9991638], [-3.8532706, 55.999116], [-3.8533259, 55.9990317], [-3.8534396, 55.9989817]], [[-3.8562677, 55.9982649], [-3.855676, 55.9983632], [-3.8549669, 55.9984708], [-3.8538261, 55.9986555]], [[-3.8534396, 55.9989817], [-3.8538261, 55.9986555]], [[-3.7707463, 55.9948705], [-3.769896, 55.994923], [-3.769193, 55.9949], [-3.768784, 55.994862], [-3.7681128, 55.9947204], [-3.7680493, 55.9947074], [-3.7679911, 55.9947032], [-3.7679294, 55.994697], [-3.7678345, 55.9946961]], [[-3.766252, 55.994465], [-3.7678345, 55.9946961]], [[-3.7657023, 55.9942394], [-3.7660753, 55.9943123], [-3.766252, 55.994465]], [[-3.766028, 55.993477], [-3.76569, 55.993404], [-3.765299, 55.993401], [-3.765205, 55.9935], [-3.765382, 55.993629], [-3.765495, 55.993774], [-3.765521, 55.994022], [-3.76561, 55.994171], [-3.7657023, 55.9942394]], [[-3.765967, 55.993095], [-3.7661423, 55.9933583], [-3.766028, 55.993477]], [[-3.765967, 55.993095], [-3.7659683, 55.9928053], [-3.765921, 55.9925744]], [[-3.7686774, 55.9921764], [-3.7684422, 55.9921244], [-3.7678414, 55.9921244], [-3.767026, 55.9921784], [-3.7665589, 55.9922198], [-3.766157, 55.9922864], [-3.7659661, 55.9924332], [-3.765921, 55.9925744]], [[-3.6342466, 56.0068765], [-3.6340278, 56.0069707], [-3.6340373, 56.0069909]], [[-3.6340373, 56.0069909], [-3.6339764, 56.0070315], [-3.6339239, 56.0070586], [-3.6337803, 56.0071051]], [[-3.6337803, 56.0071051], [-3.6337803, 56.0071303], [-3.6337698, 56.0071613], [-3.6337488, 56.0071823], [-3.6337325, 56.0071992]], [[-3.516531, 56.0046548], [-3.5165425, 56.0046892], [-3.5164888, 56.0047877], [-3.5163547, 56.0050846], [-3.5163601, 56.0051086], [-3.5163789, 56.0051206], [-3.5164727, 56.0051431], [-3.5165693, 56.0051596]], [[-3.0098566, 55.9528461], [-3.010009, 55.9528234], [-3.0102639, 55.952787], [-3.0103395, 55.9527766], [-3.010072, 55.9524066], [-3.0100913, 55.952386], [-3.0101619, 55.952311], [-3.0103798, 55.9522511], [-3.0105879, 55.9521791], [-3.0105365, 55.9520995], [-3.0104542, 55.9520463], [-3.0102823, 55.9519344], [-3.0102622, 55.9518655], [-3.0103297, 55.9518005], [-3.0108562, 55.9514963], [-3.01144, 55.9510336], [-3.012055, 55.9505285], [-3.0123303, 55.9503815], [-3.0126342, 55.9502432], [-3.0133529, 55.9500271], [-3.0145282, 55.9496593], [-3.0154444, 55.9493609], [-3.0164895, 55.9490193], [-3.0166753, 55.948964]], [[-2.519553, 56.0041168], [-2.5194901, 56.0040877], [-2.5194869, 56.0040264], [-2.5194956, 56.0039593]], [[-2.5170575, 56.003573], [-2.5175208, 56.0035783], [-2.517725, 56.0036311], [-2.5179201, 56.0037353], [-2.5180906, 56.0038012], [-2.5182569, 56.0038472], [-2.5186519, 56.0039103], [-2.5190985, 56.0039466], [-2.5194956, 56.0039593]], [[-2.5170575, 56.003573], [-2.5169729, 56.0034556], [-2.5167921, 56.0032085], [-2.5166011, 56.00296]], [[-3.0098566, 55.9528461], [-3.0096452, 55.9528745]], [[-3.1009617, 55.9414171], [-3.1010159, 55.9414108], [-3.1019869, 55.9412988], [-3.1020125, 55.9412793], [-3.1019869, 55.9412162], [-3.1021494, 55.9411367]], [[-3.1826862, 55.9399892], [-3.1826798, 55.9399535], [-3.1826633, 55.9398969]], [[-3.2510784, 55.9387405], [-3.2509534, 55.9386657], [-3.2507895, 55.9385678]], [[-3.5912871, 56.0183004], [-3.5914905, 56.0183565], [-3.5922892, 56.0185549], [-3.5925252, 56.0187228]], [[-3.5852285, 56.0179599], [-3.5859327, 56.0178741], [-3.5861127, 56.0178496], [-3.5869927, 56.0179234], [-3.5875573, 56.0179756], [-3.5891527, 56.0183067], [-3.5895585, 56.0183135], [-3.5906331, 56.0182368], [-3.5912871, 56.0183004]], [[-4.0247753, 55.9721932], [-4.0249288, 55.9724122], [-4.0249319, 55.9724855]], [[-4.1534455, 55.9429809], [-4.1536632, 55.9429863]], [[-4.4343113, 56.0477049], [-4.4342936, 56.0477685], [-4.4327532, 56.0481047], [-4.4301064, 56.0486988], [-4.4290517, 56.0488965], [-4.4273139, 56.0490823], [-4.4264681, 56.0490921], [-4.4253922, 56.0491613]], [[-4.5631465, 56.0130007], [-4.5625878, 56.0134342], [-4.562326, 56.013717]], [[-4.5750193, 56.0133346], [-4.5746205, 56.0133041]], [[-4.6504543, 56.0084822], [-4.6505739, 56.008362], [-4.6506168, 56.008338], [-4.6506168, 56.008299]], [[-4.6500053, 56.0073093], [-4.6499248, 56.0073123], [-4.6498175, 56.0072913], [-4.6497746, 56.0072433], [-4.6496853, 56.0071999], [-4.6495777, 56.00719], [-4.64942, 56.0071337], [-4.6492891, 56.0071543], [-4.6491577, 56.0071053], [-4.6490557, 56.0070993], [-4.6490021, 56.0070873], [-4.6487339, 56.0070303], [-4.6486802, 56.0069763], [-4.648589, 56.0069883], [-4.64853, 56.0070003], [-4.6485086, 56.0069434], [-4.6484442, 56.0069374], [-4.6483047, 56.0069434], [-4.6481706, 56.0068984], [-4.6481706, 56.0068474], [-4.6480794, 56.0068294], [-4.6479292, 56.0068444], [-4.6478702, 56.0068084], [-4.6477844, 56.0068054], [-4.6472909, 56.0066914], [-4.6470065, 56.0066314], [-4.6468778, 56.0065924], [-4.6459658, 56.0063825], [-4.6452685, 56.0062325], [-4.6446301, 56.0061036], [-4.6442071, 56.0059883]], [[-4.6506383, 56.008134], [-4.6506168, 56.008299]], [[-4.6506865, 56.008101], [-4.6506383, 56.008134]], [[-4.6504398, 56.0076362], [-4.6506865, 56.008101]], [[-4.6503915, 56.0074982], [-4.6504773, 56.0075222], [-4.6505256, 56.0075582], [-4.6504666, 56.0075912], [-4.6504398, 56.0076362]], [[-4.6500053, 56.0073093], [-4.6501286, 56.0072793], [-4.6501394, 56.0072853], [-4.6501286, 56.0072793], [-4.6501823, 56.0073093], [-4.6502037, 56.0073542], [-4.6501769, 56.0074022], [-4.6502145, 56.0074352], [-4.6502788, 56.0074262], [-4.650429, 56.0073932], [-4.650429, 56.0074172], [-4.650429, 56.0073932], [-4.650429, 56.0074682], [-4.6503915, 56.0074982]], [[-4.7203384, 56.0172082], [-4.7201834, 56.0171047], [-4.7192071, 56.0173446], [-4.7188959, 56.0173296], [-4.7187729, 56.0173356], [-4.7186813, 56.0173536], [-4.7184308, 56.0175516], [-4.7165998, 56.0180787]]]}}]}